success,Organization Name,Acquisition Status,IPO Status,Founded Date,Founded Date Precision,Last Funding Date,Number of Articles,Number of Founders,SEMrush - Monthly Visits,SEMrush - Average Visits (6 months),SEMrush - Monthly Visits Growth,SEMrush - Visit Duration,SEMrush - Visit Duration Growth,SEMrush - Page Views / Visit,SEMrush - Page Views / Visit Growth,SEMrush - Bounce Rate,SEMrush - Global Traffic Rank,SEMrush - Bounce Rate Growth,SEMrush - Monthly Rank Change (#),SEMrush - Monthly Rank Growth,BuiltWith - Active Tech Count,Apptopia - Number of Apps,G2 Stack - Total Products Active,Money Raised Currency (in USD),Announced Date,Number of Investors,Seed Lag
0,Explara,,Private,2008-01-01,year,2016-08-01,26,2.0,"453,833","137,872.17",104.20%,729,309.55%,1.72,-37.17%,67.47%,"130,975",56.14%,"-88,316",-40.27%,31.0,120.0,26.0,500000.0,2016-08-01,1.0,3135
0,TradeBriefs,,Private,2008-01-01,year,2012-07-31,17,1.0,"21,903","33,318.50",-33.95%,75,-76.78%,1.31,8.89%,81.84%,"1,212,227",-3.62%,"275,164",29.36%,60.0,0.0,15.0,500000.0,2012-07-31,1.0,1673
1,Urban Company,Made Acquisitions,Private,2014-11-10,day,2021-06-02,287,3.0,"2,744,259","3,007,278",6.37%,398,-32.88%,1.52,13.91%,68.42%,"32,518",-8.49%,-414,-1.26%,31.0,6.0,54.0,1600000.0,2015-04-16,5.0,157
0,Porter,,Private,2014-08-01,month,2021-10-25,131,3.0,"4,602,443","3,895,185.50",53.52%,808,16.76%,1.39,-6.69%,72.30%,"21,055",2.42%,"-8,046",-27.65%,77.0,6.0,24.0,500000.0,2015-04-13,1.0,255
0,Prozo,,Private,2014-07-10,day,2023-02-14,5,1.0,"12,967","10,563",320.60%,36,-89.32%,1.02,-59.97%,98.28%,"1,647,032",144.97%,"-1,658,142",-50.17%,49.0,7.0,14.0,504737.0,2017-06-01,1.0,1057
0,RentoMojo,,Private,2014-12-01,month,2021-11-25,29,3.0,"220,261","624,394.17",-51.40%,396,-65.92%,2.32,34.65%,41.04%,"224,973",-37.63%,"96,291",74.83%,74.0,3.0,60.0,500000.0,2015-07-07,1.0,218
0,AjnaLens,,Private,2014-11-12,day,2022-02-28,10,3.0,447,"3,396.67",-55.17%,0,10140%,1.0,0%,100%,"6,499,537",0%,"1,468,109",29.18%,27.0,0.0,19.0,440000.0,2016-03-01,2.0,475
0,GetSetHome,,Private,2014-03-01,month,2023-11-08,2,3.0,"5,742","46,763.17",88.02%,"1,011",1248%,2.76,14.29%,29.66%,"2,537,631",16.27%,"-775,240",-23.40%,65.0,1.0,13.0,166061.0,2014-03-26,1.0,25
1,GUVI,Was Acquired,Private,2014-07-02,day,2022-09-27,8,3.0,"2,744,719","1,462,578.33",290.68%,437,5.05%,6.54,159.25%,40.73%,"32,514",-36.85%,"-59,936",-64.83%,42.0,2.0,31.0,142511.0,2019-04-25,1.0,1758
1,PlaySimple Games,Was Acquired,Private,2014-11-01,month,2016-11-15,5,4.0,"222,741","140,999.33",56.40%,339,993.55%,1.02,-0.41%,98.98%,"223,053",1.64%,"-84,478",-27.47%,25.0,24.0,14.0,500000.0,2014-11-23,2.0,22
1,Jugnoo,Made Acquisitions,Private,2014-11-01,month,2016-04-18,84,2.0,"2,006","3,944.67",-8.65%,0,391.67%,1.0,-49.51%,100%,"4,004,052",263.64%,"234,981",6.23%,57.0,26.0,29.0,1000000.0,2015-04-20,3.0,170
1,Aisle,Was Acquired,Private,2014-07-14,day,2021-02-15,21,1.0,"33,637","12,764.17",562.67%,90,1700%,3.39,226.51%,15.34%,"931,227",-84.07%,"-1,771,989",-65.55%,54.0,0.0,23.0,500000.0,2017-02-15,6.0,947
1,Care24,Was Acquired,Private,2014-12-01,day,2016-01-13,3,2.0,"3,427","10,109.50",-88.28%,11,-94.69%,1.22,21.65%,78.35%,"3,173,337",-21.65%,"2,142,592",207.87%,40.0,6.0,30.0,350000.0,2015-10-27,2.0,330
0,Nuvepro,,Private,2014-11-01,day,2020-04-15,6,2.0,"4,036","10,088.67",-24.42%,500,-19.35%,3.73,7.97%,23.79%,"3,011,554",1.80%,"347,273",13.03%,32.0,0.0,18.0,400000.0,2017-11-21,1.0,1116
0,Docplexus,,Private,2014-01-22,day,2015-10-06,5,1.0,"25,459","37,188.17",-39.56%,16,2000%,1.01,1.08%,98.92%,"1,117,004",-1.08%,"353,003",46.20%,9.0,5.0,19.0,700000.0,2015-10-06,2.0,622
0,HousingMan.com,,Private,2014-03-01,month,2018-07-21,1,2.0,"28,189","11,094",595%,50,-61.56%,2.81,180.98%,9.51%,"1,050,848",-90.49%,"-1,888,234",-64.25%,26.0,3.0,25.0,1498247.0,2018-07-21,1.0,1603
0,Atatus,,Private,2014-03-18,day,2014-07-25,2,1.0,"267,924","358,171.83",2.76%,"1,756",134.45%,1.61,10.66%,85.62%,"194,056",-0.29%,-422,-0.22%,57.0,0.0,28.0,70000.0,2014-07-25,1.0,129
0,10times,,Private,2014-01-26,day,2014-04-01,33,3.0,"1,708,604","1,448,882.67",-1.27%,426,-19.77%,1.85,-23.17%,72.88%,"47,559",2.71%,"1,826",3.99%,98.0,3.0,43.0,500000.0,2014-04-01,1.0,65
1,Spayee,Was Acquired,Private,2014-02-20,day,2014-07-01,2,2.0,"248,118","267,970.33",49.28%,199,-28.42%,1.9,-22.84%,50.95%,"205,674",0.97%,"-67,691",-24.76%,47.0,1.0,22.0,20000.0,2014-07-01,1.0,131
0,NewsPatrolling,,Private,2014-02-14,day,2016-10-14,0,1.0,"74,479","34,257.67",1217.51%,124,-93.95%,1.06,-11.86%,95.77%,"512,337",20.71%,"-2,090,209",-80.31%,26.0,1.0,0.0,25000.0,2016-10-14,1.0,973
1,Syntizen,Was Acquired,Private,2014-03-09,day,2019-09-17,14,3.0,"38,631","16,647.17",43.73%,0,-93.87%,1.0,-0.03%,100%,"835,912",0.01%,"-237,649",-22.14%,50.0,15.0,20.0,500000.0,2019-09-17,1.0,2018
0,TruckSuvidha,,Private,2014-09-01,day,2019-11-09,59,2.0,"15,459","6,106.67",1646.78%,904,154.55%,1.05,4.80%,95.20%,"1,486,037",-4.80%,"-3,902,517",-72.42%,53.0,64.0,20.0,500000.0,2019-11-09,1.0,1895
0,EngineerBabu,,Private,2014-06-08,day,2016-08-25,3,2.0,"3,222","4,669.33",108.41%,"1,630",1247.11%,1.65,-14.29%,69.15%,"3,255,674",68.08%,"-1,109,930",-25.42%,20.0,27.0,25.0,500000.0,2016-08-25,2.0,809
1,Cogoport,Made Acquisitions,Private,2016-05-03,day,2022-04-06,12,6.0,"99,508","67,251.17",125.52%,568,3.84%,1.5,-56.58%,79.03%,"410,364",87.36%,"-325,086",-44.20%,61.0,0.0,27.0,500000.0,2016-11-29,1.0,210
0,Fyle,,Private,2016-02-16,day,2019-10-03,27,2.0,"49,138","55,477.17",10.92%,479,62.93%,1.8,-0.36%,61.71%,"696,317",16.63%,"-37,038",-5.05%,69.0,1.0,25.0,1100000.0,2018-04-20,3.0,794
0,Skit,,Private,2016-10-04,day,2021-09-01,21,2.0,"4,572","9,412.50",18.17%,27,3.85%,1.25,-24.09%,79.48%,"2,828,465",53.76%,"-191,484",-6.34%,57.0,0.0,18.0,500000.0,2019-01-15,1.0,833
0,Rooter,,Private,2016-05-20,day,2023-07-04,28,3.0,"1,642,836","2,112,311.67",2.30%,719,-23.59%,1.39,-1.03%,71.97%,"48,981",-9.06%,371,0.76%,22.0,2.0,17.0,500000.0,2019-08-30,1.0,1197
0,Gramophone,,Private,2016-05-01,month,2023-01-24,3,4.0,"25,508","12,022.83",0.04%,0,-43%,1.0,-9.75%,100%,"1,115,045",6.28%,"12,826",1.16%,49.0,2.0,12.0,1000000.0,2018-03-04,1.0,672
0,PlanetSpark,,Private,2016-08-01,month,2021-12-07,12,2.0,"4,092,018","1,714,487.33",142.26%,812,-5.03%,2.0,-9.08%,53.46%,"23,304",-12.32%,"-23,370",-50.07%,85.0,3.0,15.0,220631.0,2018-12-10,1.0,861
0,AdmitKard,,Private,2016-11-15,day,2023-02-20,7,2.0,"168,274","233,188.33",-55.72%,393,-44.18%,1.07,-13.39%,95.40%,"275,305",20.84%,"128,511",87.55%,87.0,4.0,39.0,1000000.0,2019-08-20,1.0,1008
0,AgNext Technologies,,Private,2016-09-15,day,2022-12-20,5,1.0,"4,974","3,491.17",163.73%,33,-72.73%,1.75,38.35%,70.16%,"2,741,628",-4.95%,"-1,362,982",-33.21%,7.0,13.0,11.0,2100000.0,2018-04-16,2.0,578
0,Verloop.io,,Private,2016-10-01,day,2020-08-25,13,1.0,"348,589","301,687.17",34.36%,"1,097",560.84%,1.11,-28.99%,90.70%,"159,403",30.82%,"-35,775",-18.33%,73.0,2.0,30.0,500000.0,2016-11-01,6.0,31
0,Crofarm,,Private,2016-05-14,day,2021-12-13,8,2.0,"2,055","2,287.17",64.93%,0,-2.41%,1.0,0%,100%,"3,985,504",0%,"-750,985",-15.86%,19.0,8.0,8.0,500000.0,2019-01-14,6.0,975
0,Healofy,,Private,2016-08-01,day,2021-10-26,11,2.0,"84,421","144,054.83",-56.85%,72,-43.75%,1.08,-68.60%,96.38%,"461,848",121.21%,"220,486",91.35%,23.0,1.0,26.0,1000000.0,2018-03-14,2.0,590
0,CureSkin,,Private,2016-10-01,month,2022-03-07,6,2.0,"319,846","205,995",167.81%,282,3928.57%,1.05,4.09%,94.78%,"170,041",-4.49%,"-179,832",-51.40%,86.0,3.0,0.0,500000.0,2017-08-01,4.0,304
0,Trendlyne Technologies,,Private,2016-08-12,day,2022-02-02,2,3.0,"2,723,212","3,502,294.50",-8.04%,707,-16.33%,2.9,-0.73%,52.36%,"32,724",-13.68%,"3,348",11.40%,61.0,2.0,27.0,200000.0,2018-01-03,1.0,509
0,myUpchar,,Private,2016-11-15,day,2018-08-28,2,2.0,"10,641,507","7,920,664.17",60.73%,386,-43.15%,1.47,-0.94%,77.58%,"10,279",3.44%,"-4,478",-30.34%,56.0,3.0,19.0,305180.0,2017-09-27,3.0,316
0,StockEdge,,Private,2016-05-06,day,2021-07-12,9,3.0,"2,151,635","2,089,842.50",46.05%,331,-14.03%,2.06,-26.96%,59.61%,"39,585",37.51%,"-12,485",-23.98%,77.0,0.0,22.0,500000.0,2018-07-24,3.0,809
0,PAZO,,Private,2016-06-06,day,2023-03-15,4,3.0,"38,408","26,977.17",-52.33%,48,-70.37%,2.0,85.77%,0%,"839,949",4.04%,"369,775",78.65%,47.0,9.0,31.0,146512.0,2018-04-23,2.0,686
0,Be U Salons,,Private,2016-10-01,month,2018-12-18,5,2.0,662,"6,596.83",-44.09%,"1,983",240.54%,2.01,101.06%,66.31%,"6,090,519",-33.69%,"1,273,150",26.43%,4.0,9.0,21.0,425568.0,2018-12-18,2.0,808
1,Fabulyst,Was Acquired,Private,2016-05-14,day,2019-01-07,1,4.0,"13,395","20,415.83",2611.54%,614,11.11%,1.79,79.31%,20.69%,"1,615,554",-79.31%,"-4,946,664",-75.38%,34.0,1.0,16.0,135000.0,2019-01-07,1.0,968
0,Crediwatch,,Private,2016-09-01,month,2023-01-19,11,2.0,"3,341","5,210.83",-31.79%,9,-78.57%,1.87,-21.47%,57.77%,"3,215,718",249.27%,"478,277",17.47%,35.0,0.0,15.0,1600000.0,2019-01-01,1.0,852
1,CreditMate,Was Acquired,Private,2016-09-01,month,2018-06-05,16,3.0,"231,044","133,939.17",148.72%,352,-58.10%,2.69,37.42%,34.94%,"216,868",-32.06%,"-207,468",-48.89%,9.0,4.0,18.0,500000.0,2017-11-21,1.0,446
0,Maximl,,Private,2016-12-26,day,2018-10-24,8,4.0,"37,509","30,419.83",-26.58%,"5,105",2.99%,16.89,57.77%,17.81%,"876,430",-2.62%,"217,085",32.92%,28.0,3.0,15.0,1000000.0,2018-10-24,2.0,667
0,KrypC,,Private,2016-02-01,month,2020-12-08,3,2.0,"4,156","3,785.17",296.56%,"1,061",-67.22%,2.18,-82.91%,53.56%,"2,985,090",114.24%,"-2,010,971",-40.25%,18.0,0.0,0.0,1000000.0,2017-11-01,2.0,639
0,Stashfin,,Private,2016-02-01,month,2023-03-22,23,1.0,"708,707","1,260,001",-30.04%,80,-80.82%,1.58,-16.50%,64.44%,"93,571",17.18%,"23,875",34.26%,39.0,4.0,23.0,5000000.0,2017-06-27,6.0,512
1,Seniority.in,Was Acquired,Private,2016-02-01,month,2018-10-25,1,3.0,"66,716","155,092.33",-58.03%,"1,051",-65.15%,1.07,-21.08%,96.64%,"552,841",17.58%,"270,623",95.89%,37.0,0.0,40.0,1000000.0,2017-09-07,1.0,584
0,Betterhalf,,Private,2016-08-01,month,2023-06-03,15,2.0,"86,251","265,880.50",-65.22%,569,125.79%,1.85,12.29%,69.69%,"455,275",19.72%,"253,137",125.23%,66.0,2.0,19.0,1000000.0,2018-10-01,3.0,791
0,Riyaz,,Private,2016-10-21,day,2019-01-25,0,2.0,"18,124","17,494.33",-56.77%,0,-89.53%,1.0,-59.93%,100%,"1,343,451",1104.82%,"577,104",75.31%,59.0,3.0,11.0,250000.0,2019-01-25,1.0,826
0,Gurusiksha,,Private,2016-12-27,day,2022-07-07,1,1.0,965,"1,351.50",268.32%,42,-4.12%,1.77,76.89%,23.11%,"5,249,695",-76.89%,"-2,040,303",-27.99%,45.0,1.0,0.0,2695.0,2018-10-11,1.0,653
0,JewelMaze Private Limited,,Private,2016-05-25,day,2019-08-07,0,1.0,"4,588","4,409.83",186.75%,275,-86.79%,4.71,371.29%,25.74%,"2,825,622",-74.26%,"-1,488,345",-34.50%,14.0,1.0,0.0,4000000.0,2019-08-07,1.0,1169
0,Zybra,,Private,2016-05-12,day,2022-03-19,0,2.0,"40,211","77,070.50",-22.51%,"4,050",6.44%,9.62,17.47%,13.76%,"806,385",32.18%,"153,729",23.55%,21.0,0.0,28.0,500000.0,2016-09-01,1.0,112
0,DaddysRoad Pvt Ltd,,Private,2016-10-03,day,2017-02-02,0,3.0,665,"6,141",-97.73%,0,65.97%,1.0,-65.78%,100%,"6,085,106",2806.98%,"5,055,702",491.13%,4.0,1.0,0.0,30000.0,2017-02-02,3.0,122
0,CVViZ,,Private,2016-06-01,day,2016-10-16,0,2.0,"82,872","45,242.33",256.32%,"1,413",39.76%,1.3,-12.08%,70.82%,"467,943",4.83%,"-692,872",-59.69%,60.0,0.0,23.0,70000.0,2016-10-16,1.0,137
0,Anvayaa Kin Care Pvt. Ltd,,Private,2016-05-23,day,2018-04-10,8,3.0,"2,610","5,867",11.73%,386,797.67%,1.15,-20.39%,92.49%,"3,525,417",29.92%,"-174,479",-4.72%,5.0,4.0,0.0,157000.0,2018-04-10,1.0,687
0,InterviewBuddy,,Private,2016-12-20,day,2017-03-17,27,1.0,742,"18,293.33",-58.72%,0,-5.03%,1.0,-25.80%,100%,"5,941,832",7.82%,"1,150,303",71.76%,3.0,0.0,0.0,100000.0,2017-03-17,1.0,87
0,EdTechReview Media,,Private,2016-03-01,month,2016-06-13,0,2.0,"25,652","53,279.83",-79.55%,167,-87%,1.17,-13.93%,94.78%,"1,109,316",42.53%,"772,209",229.07%,26.0,0.0,40.0,500000.0,2016-06-13,1.0,104
0,Ekeeda,,Private,2016-03-12,day,2016-07-19,0,2.0,"12,973","28,175.50",32.91%,670,-36.13%,2.25,-68.07%,46.54%,"1,646,805",-11.06%,"-270,514",-14.11%,13.0,7.0,0.0,65000.0,2016-07-19,1.0,129
0,Ohoshop mCommerce,,Private,2016-03-12,day,2017-03-02,0,3.0,336,811.33,-86.35%,0,-86.35%,1.0,-43.94%,100%,"7,267,474",38.08%,"3,652,248",101.02%,27.0,1.0,17.0,1000000.0,2017-03-02,1.0,355
0,SWIRL,,Private,2016-03-08,day,2021-09-21,2,2.0,"1,031","17,637.67",14.81%,23,467.07%,2.44,143.94%,28.03%,"5,152,501",-71.97%,"-209,568",-3.91%,8.0,4.0,3.0,500000.0,2019-08-13,4.0,1253
1,Adbell Media,Was Acquired,Private,2016-05-01,month,2019-03-10,0,2.0,"3,047","4,901.33",-34.61%,110,-55.47%,3.64,33.80%,18.58%,"3,322,311",-70.18%,"539,589",19.39%,44.0,0.0,0.0,50000.0,2019-03-10,1.0,1043
0,Knowledgekart.in,,Private,2016-05-15,day,2017-01-01,0,2.0,434,"2,656.33",-65.88%,0,1.71%,1.0,-30.60%,100%,"7,074,379",17.23%,"2,354,594",49.89%,23.0,0.0,0.0,2983.0,2016-07-15,1.0,61
0,HeavyEquipments.in,,Private,2016-06-24,day,2017-05-03,2,1.0,"1,707","3,097",21.75%,70,-61.89%,1.43,43.47%,56.53%,"4,284,622",-43.47%,"-265,656",-5.84%,50.0,0.0,0.0,35000.0,2017-05-03,1.0,313
0,SCIKEY,,Private,2016-12-01,month,2019-07-16,17,4.0,"146,199","38,325.67",1283.81%,430,76.95%,1.31,-53.33%,94.29%,"307,067",88.24%,"-1,548,392",-83.45%,91.0,0.0,17.0,500000.0,2019-07-16,1.0,957
1,Skillate,Was Acquired,Private,2016-05-10,day,2019-05-01,7,3.0,"733,825","796,434.67",-43.07%,"1,166",80.78%,1.2,-6.39%,82.04%,"91,154",0.95%,"33,338",57.66%,34.0,0.0,28.0,500000.0,2019-05-01,1.0,1086
0,Ontrack Technologies Pvt. Ltd,,Private,2016-02-26,day,2018-01-24,1,2.0,"824,352","469,791.50",41.50%,117,-35.36%,1.13,4.17%,90.57%,"83,545",-1.43%,"-22,858",-21.48%,40.0,1.0,15.0,500000.0,2018-01-24,1.0,698
0,Ciferon,,Private,2016-08-04,day,2019-06-04,0,2.0,"71,549","81,816.67",-82.08%,192,92%,1.12,11.22%,94.50%,"526,077",-5.22%,"384,683",272.06%,16.0,18.0,0.0,500000.0,2019-06-04,1.0,1034
0,BharatAgri,,Private,2017-01-01,year,2023-10-19,10,2.0,"278,138","87,280.33",414.70%,518,-69.49%,1.58,-51.42%,95.18%,"188,525",97.80%,"-446,924",-70.33%,20.0,1.0,21.0,500000.0,2019-01-01,1.0,730
0,SpotDraft,,Private,2017-01-01,year,2023-03-02,11,3.0,"40,743","69,175.83",-4.90%,"1,436",15.62%,2.69,20.73%,55.17%,"796,009",-5.37%,"45,397",6.05%,73.0,0.0,23.0,550000.0,2017-10-25,5.0,297
0,Hasura,,Private,2017-01-01,year,2022-02-22,50,2.0,"290,934","262,358.67",65.12%,784,-3.21%,1.6,-28.75%,80.55%,"182,344",33.10%,"-79,104",-30.26%,78.0,1.0,47.0,1600000.0,2018-04-25,2.0,479
1,Stanza Living,Made Acquisitions,Private,2017-01-01,year,2022-03-23,54,3.0,"529,394","729,396.67",-39.01%,422,-39.45%,1.33,-6.45%,73.08%,"116,554",9.14%,"37,951",48.28%,54.0,9.0,15.0,31019.0,2017-11-28,2.0,331
0,Loadshare Networks,,Private,2017-01-01,year,2022-02-01,4,4.0,"107,608","109,076.17",16.88%,"2,476",-21.72%,4.34,-15.59%,23.54%,"385,912",13.94%,"-41,440",-9.70%,22.0,7.0,17.0,500000.0,2017-05-30,1.0,149
0,ITILITE,,Private,2017-01-01,year,2022-04-13,12,2.0,"81,573","29,669",754.17%,659,449.17%,1.5,9.41%,89.38%,"473,437",6.24%,"-1,470,284",-75.64%,56.0,2.0,28.0,500000.0,2017-11-09,1.0,312
0,Propelld,,Private,2017-01-01,year,2022-02-18,6,3.0,"135,681","227,641.33",130.56%,"2,951",200.20%,4.14,136.81%,42.99%,"323,865",-38.05%,"-272,480",-45.69%,47.0,1.0,10.0,250000.0,2018-08-08,3.0,584
0,Pesto Tech,,Private,2017-01-01,year,2021-06-28,5,3.0,"13,341","53,267.83",-92.73%,103,-83.20%,1.89,75.16%,42.58%,"1,621,281",-56.21%,"1,367,838",539.70%,65.0,0.0,43.0,500000.0,2019-09-18,1.0,990
0,QuickSell,,Private,2017-01-01,year,2021-06-08,2,1.0,"699,241","561,317.83",9.22%,"1,589",134.02%,1.9,22.01%,65.76%,"94,468",-5.86%,"-4,539",-4.58%,77.0,3.0,19.0,225000.0,2017-03-01,4.0,59
0,Carmesi,,Private,2017-01-01,year,2018-08-16,0,2.0,"315,792","328,439.33",324.74%,100,244.83%,4.02,166.07%,59.13%,"171,607",-0.69%,"-327,757",-65.63%,59.0,0.0,17.0,500000.0,2018-08-16,1.0,592
0,Senseforth,,Private,2017-01-01,year,2021-08-26,6,3.0,"5,463","4,133.67",120.02%,306,13350%,1.04,4.01%,95.99%,"2,594,361",-4.01%,"-999,712",-27.82%,42.0,0.0,14.0,2000000.0,2017-06-02,1.0,152
0,Kutuki,,Private,2017-01-01,year,2021-02-24,0,2.0,"103,662","29,728",5077.92%,0,-50%,1.0,-23.73%,100%,"397,102",45.18%,"-3,471,398",-89.73%,49.0,2.0,19.0,500000.0,2019-01-29,2.0,758
0,Eunimart,,Private,2017-01-01,month,2023-02-02,4,2.0,439,"1,752",-75.38%,37,-78.36%,4.0,68.21%,0%,"6,632,815",-62.21%,"2,419,875",57.44%,85.0,0.0,22.0,500000.0,2019-09-19,1.0,991
0,MyScoot,,Private,2017-01-01,year,2019-07-30,0,4.0,245,"1,594.50",-34.49%,0,-93.98%,1.0,0%,100%,"7,575,829",0%,"555,801",7.92%,51.0,1.0,19.0,1700000.0,2019-07-30,5.0,940
1,Upwards Fintech,Was Acquired,Private,2017-01-01,year,2018-09-11,0,2.0,"1,137,856","430,392.67",264.77%,"1,112",-39.70%,1.19,-7%,88.47%,"65,273",20.27%,"-104,794",-61.62%,9.0,2.0,12.0,500000.0,2017-12-04,1.0,337
0,Kredily,,Private,2017-01-01,year,2022-09-01,0,1.0,"120,894","197,757.50",-38.14%,961,49.92%,5.96,53.98%,26.53%,"352,947",-28.32%,"111,400",46.12%,29.0,3.0,22.0,750000.0,2019-06-14,3.0,894
0,LegitQuest,,Private,2017-01-01,year,2021-08-17,0,3.0,"2,591","9,814",-51.15%,"1,094",8315.38%,4.87,197.54%,54.15%,"3,532,011",-24.34%,"861,124",32.24%,8.0,1.0,16.0,424298.0,2019-11-01,2.0,1034
0,Pocket52,,Private,2017-01-01,year,2020-06-02,2,4.0,"4,916,062","2,951,494.50",64.14%,578,-53.50%,1.18,1.61%,86.79%,"19,886",-0.65%,"-9,233",-31.71%,42.0,2.0,12.0,500000.0,2018-12-24,1.0,722
0,Kraftshala,,Private,2017-01-01,day,2021-12-20,2,2.0,"16,191","59,027",-72.73%,276,-67.68%,1.29,-2.09%,82.24%,"1,444,528",-6.08%,"851,469",143.57%,71.0,1.0,17.0,100000.0,2019-02-20,3.0,780
0,Multibhashi,,Private,2017-01-01,year,2021-04-15,2,3.0,"412,431","435,243.50",119.51%,193,-69.02%,1.45,21.78%,64.67%,"140,519",-27.23%,"-108,227",-43.51%,73.0,1.0,18.0,139692.0,2018-09-04,3.0,611
0,Verzeo,,Private,2017-01-01,year,2018-09-10,0,1.0,"2,372","5,808.17",-42.16%,23,-95.67%,3.06,45.88%,28.04%,"3,653,802",-54.09%,"725,579",24.78%,13.0,0.0,27.0,500000.0,2018-04-01,1.0,455
0,Rapawalk,,Private,2017-01-01,year,2020-11-12,2,2.0,"2,895","8,931.67",-54.06%,109,-12.10%,4.1,169.58%,15.41%,"3,374,372",-76.64%,"952,857",39.35%,9.0,0.0,6.0,500000.0,2018-10-11,1.0,648
0,GuruQ,,Private,2017-01-01,month,2018-10-23,1,1.0,"6,378","12,654.17",-89.20%,"1,586",414.94%,1.81,-68.88%,53.47%,"2,417,364",1550.31%,"1,822,167",306.15%,56.0,1.0,0.0,341387.0,2018-10-23,1.0,660
0,Picxy,,Private,2017-01-01,year,2020-08-21,6,3.0,"71,612","124,043",-34.84%,149,-65.51%,1.19,-45.14%,87.20%,"525,760",1.12%,"152,491",40.85%,17.0,1.0,11.0,130000.0,2018-06-02,1.0,517
0,Wizely,,Private,2017-01-01,year,2017-12-30,1,2.0,"92,686","51,821.67",29.36%,0,-71.32%,1.0,0%,100%,"431,743",0%,"-87,106",-16.79%,28.0,0.0,24.0,1500000.0,2017-12-30,2.0,363
0,PrimeOS,,Private,2017-01-01,year,2022-12-01,2,2.0,"156,043","184,001.67",-47.14%,29,-93.11%,1.24,-54.99%,80.20%,"291,304",147.30%,"114,050",64.34%,17.0,0.0,0.0,500000.0,2018-08-01,5.0,577
0,MentorMind,,Private,2017-01-01,year,2021-07-22,0,4.0,219,"1,067.50",-86.59%,702,-75.07%,3.0,90.77%,0%,"7,683,939",32.95%,"3,388,623",78.89%,56.0,0.0,19.0,115300.0,2018-07-05,1.0,550
0,Officepulse,,Private,2017-01-01,year,2019-02-11,1,3.0,"2,968","2,038.33",197.69%,33,-64.52%,1.25,-64.28%,75%,"3,355,930",99.95%,"-1,674,333",-33.29%,49.0,0.0,0.0,500000.0,2019-02-11,1.0,771
0,Safegold,,Private,2017-01-01,year,2018-07-17,15,1.0,"440,689","316,077",-8.06%,97,-73.64%,1.47,-38.36%,71.08%,"133,876",-1.67%,"10,555",8.56%,32.0,1.0,0.0,500000.0,2018-07-17,1.0,562
0,BeatRoute | CRM SFA for Intelligent Sales Force Automation,,Private,2017-01-01,year,2016-10-14,3,1.0,"6,578","13,446.50",-68.19%,"2,102",2.94%,22.12,62.19%,52.90%,"2,391,171",-19.34%,"1,148,619",92.44%,15.0,4.0,16.0,500000.0,2016-10-14,1.0,-79
0,UtopiaTech,,Private,2017-01-01,year,2019-01-01,0,3.0,"3,710","8,451.50",209.94%,"1,962",44.90%,3.0,159.47%,80%,"3,095,198",-5.19%,"-1,713,973",-35.64%,3.0,1.0,0.0,500000.0,2019-01-01,1.0,730
0,CARS24,,Private,2015-01-01,year,2021-12-20,126,4.0,"7,405,666","6,780,706.17",11.49%,457,11.74%,1.4,-12.27%,79.78%,"14,044",10.44%,-669,-4.55%,49.0,12.0,15.0,7005000.0,2016-02-01,2.0,396
1,ZappFresh,Made Acquisitions,Private,2015-01-01,year,2023-11-23,20,2.0,642,"11,601.83",71.66%,73,-83.72%,2.04,104.21%,30.53%,"6,162,721",-69.47%,"-856,949",-12.21%,44.0,0.0,14.0,3000000.0,2018-03-19,3.0,1173
0,Darwinbox,,Private,2015-01-01,year,2023-01-04,97,3.0,"2,159,938","1,525,103.83",7.44%,503,3.50%,2.41,25.23%,52.96%,"39,459",-2.77%,-993,-2.45%,62.0,2.0,47.0,500000.0,2016-07-26,3.0,572
0,Simpl,,Private,2015-01-01,year,2021-11-30,48,2.0,"3,929,794","2,649,340.67",129.22%,501,111.39%,1.66,-8.30%,75.80%,"24,163",28.56%,"-21,928",-47.58%,69.0,3.0,32.0,2500000.0,2016-11-01,1.0,670
0,Meesho,,Private,2015-01-01,year,2023-10-13,330,2.0,"57,441,248","47,319,086.67",54.02%,869,-16.36%,2.27,-14.86%,64.71%,"1,973",2.49%,-870,-30.60%,53.0,3.0,33.0,120000.0,2016-08-18,1.0,595
1,BetterPlace,Made Acquisitions,Private,2015-01-01,month,2022-12-20,3,2.0,"136,799","115,389.67",12.18%,884,107.51%,1.96,81.11%,54.66%,"321,927",-43.09%,"-22,582",-6.55%,69.0,2.0,21.0,1000000.0,2016-02-16,1.0,411
0,Disprz,,Private,2015-01-01,year,2023-08-07,14,2.0,"272,630","331,339.33",-62.72%,"1,432",-17.13%,1.76,9.90%,50.22%,"191,353",-25.19%,"101,761",113.58%,10.0,77.0,36.0,500000.0,2017-01-04,1.0,734
0,Pando,,Private,2015-01-01,year,2023-05-03,13,2.0,"1,485","14,993.17",19.18%,9,-97.93%,1.5,-25.01%,50.03%,"4,551,946",-96.31%,"-186,245",-3.93%,32.0,0.0,10.0,2000000.0,2018-04-16,5.0,1201
0,CloudSEK,,Private,2015-01-01,year,2021-10-08,23,1.0,"13,120","26,862.67",-37.29%,771,-36.28%,2.51,-1.58%,44.56%,"1,639,309",-41.58%,"402,873",32.58%,45.0,1.0,25.0,490000.0,2019-02-26,2.0,1517
0,LoveLocal (formerly m.Paani),,Private,2015-01-01,year,2021-10-28,9,1.0,"23,723","117,013.83",-94.08%,61,-86.10%,2.34,108.98%,26.35%,"1,163,668",-70.64%,"1,022,754",725.80%,30.0,2.0,0.0,500000.0,2016-04-20,1.0,475
1,NODWIN Gaming,"Made Acquisitions, Was Acquired",Private,2015-01-01,month,2023-05-18,28,2.0,"1,214","8,110.33",-64.48%,186,190.91%,1.36,36.08%,81.96%,"4,888,903",-18.04%,"1,682,236",52.46%,76.0,0.0,13.0,59416.0,2016-03-15,1.0,439
1,Fisdom,Made Acquisitions,Private,2015-01-01,year,2022-06-30,24,3.0,"249,941","202,102.50",114.55%,287,52.66%,1.09,-18.96%,96.58%,"204,583",10.64%,"-151,891",-42.61%,96.0,3.0,23.0,1100000.0,2016-10-19,1.0,657
0,Infinite Uptime,,Private,2015-01-01,year,2023-07-26,7,2.0,"1,098","3,819.67",-69.67%,242,178.16%,1.2,-64.93%,79.69%,"4,993,827",81.90%,"1,857,431",59.22%,23.0,4.0,21.0,500000.0,2016-01-19,1.0,383
0,Dunzo,,Private,2015-01-01,year,2023-04-06,262,4.0,"1,342,577","1,361,389.17",20.80%,435,-39.33%,1.15,1.79%,90.24%,"57,376",0.52%,"-7,540",-11.62%,55.0,1.0,13.0,650000.0,2016-03-08,4.0,432
0,ProcMart,,Private,2015-01-01,year,2022-11-21,6,3.0,"2,445","1,528.50",96.23%,0,51.02%,1.0,0%,100%,"3,618,855",0%,"-1,117,816",-23.60%,36.0,1.0,16.0,500000.0,2016-06-20,1.0,536
0,Wealthy,,Private,2015-01-01,year,2022-02-08,28,3.0,"20,352","17,967.83",-47.19%,329,278.16%,1.29,-34.24%,90.65%,"1,262,520",186.41%,"447,879",54.98%,39.0,2.0,16.0,1300000.0,2019-10-23,7.0,1756
1,Unacademy,Made Acquisitions,Private,2015-01-01,year,2021-08-01,377,4.0,"13,169,843","14,926,696.83",9.61%,"1,047",1.45%,1.61,-2.21%,73.12%,"8,415",4.09%,-135,-1.58%,97.0,15.0,30.0,1000000.0,2016-08-24,14.0,601
1,Get My Parking,Made Acquisitions,Private,2015-01-01,year,2021-05-27,11,2.0,"1,545","4,004.33",-64.83%,0,-1.25%,1.0,-11.93%,100%,"4,480,448",15.49%,"1,628,898",57.12%,76.0,2.0,33.0,376761.0,2016-05-02,1.0,487
0,InterviewBit,,Private,2015-01-01,year,2021-12-21,12,2.0,"6,821,100","6,899,824.67",13.21%,579,-32.28%,1.38,-13.64%,79.36%,"15,073",6.34%,-956,-5.96%,25.0,0.0,17.0,1500000.0,2019-04-19,1.0,1569
1,ShareChat,Made Acquisitions,Private,2015-01-01,year,2022-05-31,279,3.0,"19,721,830","16,537,994.83",37.43%,"1,445",182.78%,1.74,20.83%,70.91%,"5,887",-9.29%,"-1,375",-18.93%,110.0,7.0,19.0,1350000.0,2016-07-13,2.0,559
0,Staqu Technologies,,Private,2015-01-01,year,2022-04-26,2,5.0,"3,242","1,519.17",420.39%,181,605.26%,4.62,362.21%,5.40%,"3,250,807",-94.60%,"-2,793,702",-46.22%,2.0,22.0,20.0,500000.0,2016-06-23,2.0,539
0,Gamezop,,Private,2015-01-01,year,2020-08-23,12,2.0,"5,986,871","6,660,807.17",-22.99%,958,-73.64%,1.73,-62.58%,70.34%,"16,880",24.80%,"4,110",32.18%,35.0,1.0,31.0,350000.0,2016-02-17,7.0,412
1,DocsApp,Made Acquisitions,Private,2015-01-01,year,2020-11-03,21,2.0,"200,407","88,497.33",108.54%,0,-39.91%,1.0,-37.90%,100%,"242,128",66.69%,"-171,576",-41.47%,60.0,0.0,9.0,1200000.0,2016-04-28,2.0,483
0,Pharmarack,,Private,2015-01-01,year,2019-09-23,8,3.0,"307,986","375,955.17",-16.20%,"1,762",5.83%,6.09,-4.29%,26.76%,"174,929",27.98%,"24,464",16.26%,42.0,0.0,13.0,749623.0,2016-09-23,2.0,631
0,Property Share Online Platform,,Private,2015-01-01,year,2022-06-27,0,2.0,"392,444","289,198",-22.61%,142,-34.56%,1.34,-24.10%,73.66%,"145,876",33.49%,"27,785",23.53%,33.0,0.0,21.0,500000.0,2017-03-10,3.0,799
1,GenRobotic,Was Acquired,Private,2015-01-01,year,2022-09-21,5,2.0,"2,905","3,785.67",165.05%,418,79.40%,3.19,43.34%,10.15%,"3,370,814",-70.25%,"-1,566,817",-31.73%,13.0,0.0,0.0,500000.0,2018-02-06,1.0,1132
1,PaySense,Was Acquired,Private,2015-01-01,year,2018-07-20,11,3.0,"444,855","517,332.50",67.83%,705,1.59%,1.24,-18.50%,87.17%,"132,951",39.07%,"-59,082",-30.77%,17.0,2.0,20.0,2300000.0,2015-01-01,1.0,0
1,Playment,Was Acquired,Private,2015-01-01,year,2017-11-21,14,3.0,"15,361","24,036.50",-41.58%,"3,707",53.06%,7.39,2.90%,12.84%,"1,490,181",12.93%,"404,565",37.27%,49.0,0.0,29.0,1600000.0,2017-11-21,5.0,1055
1,Rapido,Made Acquisitions,Private,2015-01-01,year,2022-04-15,95,3.0,"1,866,577","2,334,344",1.08%,"1,231",87.65%,1.1,-4.48%,93.18%,"44,420",3.65%,"1,032",2.38%,49.0,3.0,77.0,500000.0,2016-10-19,9.0,657
1,SmartQ,"Made Acquisitions, Was Acquired",Private,2015-01-01,year,2018-03-14,4,3.0,"44,985","75,729",-83.14%,144,206.38%,2.1,83.32%,33.10%,"740,459",-64.27%,"549,341",287.44%,66.0,2.0,24.0,1000000.0,2018-03-14,1.0,1168
0,WION,,Private,2015-01-01,year,2016-08-01,3,2.0,"12,458,793","11,420,767",16.14%,786,96.01%,1.26,3.46%,88.18%,"8,864",3.12%,-693,-7.25%,57.0,0.0,0.0,1000000.0,2015-08-01,1.0,212
0,TalkCharge,,Private,2015-01-01,year,2016-03-27,0,1.0,"744,487","689,153.67",16.37%,87,67.31%,1.92,7.95%,56.48%,"90,127",29.69%,"-8,927",-9.01%,28.0,2.0,0.0,65000.0,2016-03-27,1.0,451
0,FloCareer,,Private,2015-01-01,year,2021-10-11,2,3.0,"28,487","46,958.83",-63.46%,"1,207",-31.42%,2.91,63.49%,58.16%,"1,045,965",-32.32%,"564,549",117.27%,43.0,0.0,14.0,150000.0,2016-09-14,2.0,622
0,Rupeek,,Private,2015-01-01,year,2022-09-07,37,3.0,"196,544","65,202",1459.38%,284,24.56%,1.06,-46.43%,97.76%,"245,849",91.76%,"-1,428,497",-85.32%,23.0,4.0,15.0,2000000.0,2017-01-05,1.0,735
0,Candes,,Private,2015-01-01,year,2022-04-23,1,2.0,"43,233","23,475",5230.83%,343,-11.14%,10.0,96.84%,1.76%,"762,548",-99.19%,"-4,725,125",-86.10%,21.0,1.0,0.0,500000.0,2016-06-01,1.0,517
0,Smartivity,,Private,2015-01-01,day,2018-05-24,9,4.0,"6,291","8,577",-21.75%,828,546.88%,2.88,71.99%,47.77%,"2,435,833",-33.60%,"339,143",16.18%,11.0,25.0,30.0,1000000.0,2016-05-16,1.0,501
0,Wysa,,Private,2015-01-01,year,2023-05-22,33,2.0,"21,387","22,882.50",124.84%,26,-95.62%,1.84,71.50%,16.44%,"1,231,951",-82.32%,"-714,401",-36.70%,24.0,2.0,27.0,2157626.0,2019-06-20,2.0,1631
1,Vokal,Made Acquisitions,Private,2015-01-01,year,2021-03-17,1,2.0,"224,919","1,120,902",-66.66%,61,69.44%,1.07,-18.54%,93.44%,"221,445",0.51%,"126,265",132.66%,8.0,2.0,0.0,500000.0,2016-02-23,3.0,418
0,FinBox,,Private,2015-01-01,year,2022-06-20,20,1.0,"1,360,943","1,530,289.17",-27.61%,456,-34.48%,2.54,40.07%,40.80%,"56,729",-32.30%,"13,967",32.66%,66.0,7.0,18.0,500000.0,2019-10-03,2.0,1736
0,Notesgen,,Private,2015-01-01,day,2018-08-30,10,3.0,661,"14,387.33",-72.74%,124,-54.58%,5.31,24.04%,33.74%,"6,092,399",212.41%,"2,458,520",67.66%,8.0,0.0,19.0,175897.0,2018-08-30,1.0,1337
1,BabyChakra,"Made Acquisitions, Was Acquired",Private,2015-01-01,year,2023-09-27,23,2.0,"24,137","163,649.33",-89.37%,127,182.22%,1.04,-5.56%,96.49%,"1,152,591",-1.62%,"936,866",434.29%,48.0,1.0,20.0,600000.0,2015-06-16,3.0,166
1,ORO Wealth,"Made Acquisitions, Was Acquired",Private,2015-01-01,year,2020-09-21,7,4.0,"7,862","13,042.67",-59.41%,150,-74.18%,2.13,7.63%,71.66%,"2,170,849",22.98%,"886,344",69%,48.0,3.0,31.0,400000.0,2017-02-15,5.0,776
0,Khel Now,,Private,2015-01-01,year,2017-01-23,2,2.0,"2,464,305","2,683,524.50",-27.51%,454,-28.16%,1.28,8.51%,81.34%,"35,371",-8.23%,"9,185",35.08%,29.0,1.0,26.0,350000.0,2016-09-21,1.0,629
0,GuaRented.com,,Private,2015-01-01,year,2016-08-23,5,3.0,"94,785","63,197.17",-33.66%,862,1904.65%,1.27,-14.72%,91.25%,"424,695",67.62%,"117,811",38.39%,74.0,0.0,24.0,500000.0,2016-08-23,1.0,600
0,Arcatron Mobility,,Private,2015-01-01,year,2019-01-01,7,4.0,"1,188","7,524.50",-96.91%,0,-79.12%,1.0,-5.89%,100%,"4,904,433",3.59%,"4,087,055",500.02%,15.0,0.0,18.0,101819.0,2018-10-30,1.0,1398
0,Sunday,,Private,2015-01-01,year,2015-11-23,185,1.0,"15,432","185,119.50",-83.17%,492,538.96%,2.83,10.79%,37.93%,"1,487,151",313.63%,"1,058,456",246.90%,45.0,1.0,13.0,300000.0,2015-11-23,1.0,326
0,ZippServ,,Private,2015-01-01,year,2018-07-06,2,2.0,"3,191","3,106.33",1597.34%,106,1414.29%,1.14,-62.01%,93.01%,"3,262,659",40.64%,"-4,449,650",-57.70%,44.0,0.0,0.0,389954.0,2017-05-02,1.0,852
0,Entri,,Private,2015-01-01,year,2023-08-14,11,2.0,"292,523","269,523.33",-8.96%,555,-63.75%,1.52,-19.98%,61.44%,"181,598",17.61%,"15,101",9.07%,55.0,2.0,19.0,500000.0,2019-02-06,1.0,1497
0,PublicVibe,,Private,2015-01-01,year,2019-05-21,4,1.0,"1,177,267","1,424,430.17",9.68%,245,410.42%,1.34,-14.35%,70.48%,"63,500",10.33%,"-3,198",-4.79%,19.0,0.0,0.0,1120000.0,2019-04-10,1.0,1560
1,KiviHealth,Was Acquired,Private,2015-01-01,year,2017-09-24,2,2.0,"159,160","131,632.83",6.85%,"3,292",-1.08%,5.97,10.31%,33.89%,"286,817",11.19%,"-9,515",-3.21%,42.0,9.0,21.0,30000.0,2015-08-01,1.0,212
0,PayTunes,,Private,2015-01-01,year,2016-06-10,2,6.0,"795,596","445,769.33",140.49%,261,-17.63%,1.16,15.88%,87.33%,"85,778",-12.67%,"-77,043",-47.32%,59.0,1.0,20.0,500000.0,2016-06-10,2.0,526
1,GetMyUni,"Made Acquisitions, Was Acquired",Private,2015-01-01,month,2015-09-01,4,2.0,"666,908","2,569,833.67",-50.70%,208,-74%,1.26,-10.26%,82.72%,"97,946",8.78%,"42,340",76.14%,15.0,2.0,30.0,50000.0,2015-09-01,1.0,243
1,Pickrr Technologies,Was Acquired,Private,2015-01-01,year,2021-08-11,4,3.0,"649,076","2,453,118.17",85.10%,234,-88.02%,1.61,12.21%,56.70%,"100,004",-14.70%,"-55,857",-35.84%,67.0,1.0,16.0,500000.0,2016-10-24,1.0,662
0,Qdesq,,Private,2015-01-01,year,2023-10-26,6,2.0,"77,648","35,826.83",1051.53%,433,119.80%,1.08,-33.46%,96.37%,"492,001",24.36%,"-1,859,645",-79.08%,31.0,0.0,31.0,500000.0,2016-07-25,7.0,571
0,Gingercrush,,Private,2015-01-01,year,2016-02-05,5,2.0,884,"1,176.50",372.73%,209,-95.30%,2.76,175.68%,50%,"5,471,332",-50%,"-2,262,845",-29.26%,35.0,0.0,12.0,1000000.0,2016-02-05,7.0,400
0,Giant Tech Labs( Shouut),,Private,2015-01-01,year,2016-02-08,0,1.0,"3,479","7,368.67",190.16%,951,2277.50%,1.45,-1.62%,67.61%,"3,156,783",28.46%,"-1,651,169",-34.34%,11.0,2.0,0.0,500000.0,2016-02-08,1.0,403
0,Finly,,Private,2015-01-01,year,2019-12-21,1,2.0,"21,481","19,170",73.85%,"1,095",6.83%,3.15,-28.20%,46.65%,"1,229,496",195.07%,"-461,716",-27.30%,82.0,1.0,43.0,500000.0,2019-12-21,4.0,1815
0,GyanDhan,,Private,2015-01-01,year,2016-07-12,6,2.0,"60,474","161,252.17",43.07%,327,-27.81%,3.54,40.28%,33.82%,"595,576",-29.44%,"-162,439",-21.43%,22.0,0.0,23.0,500000.0,2016-07-12,2.0,558
0,Hubhopper,,Private,2015-01-01,year,2021-02-25,17,2.0,"53,411","48,454.17",15.15%,91,-68.29%,1.28,14.37%,84.44%,"648,566",-6.48%,"-60,461",-8.53%,75.0,8.0,19.0,500000.0,2019-04-04,1.0,1554
0,JoulestoWatts,,Private,2015-01-01,year,2016-02-10,1,1.0,665,"23,559.50",-74.22%,0,-1.79%,1.0,0%,100%,"6,084,657",0%,"2,537,645",71.54%,41.0,2.0,0.0,500000.0,2016-02-10,2.0,405
0,Tavaga Advisory Services Pvt Ltd,,Private,2015-01-01,year,2015-10-28,3,8.0,"8,097","24,732.33",-11.69%,14,-66.85%,1.06,5.51%,97.25%,"2,143,906",-2.75%,"159,958",8.06%,44.0,1.0,16.0,500000.0,2015-10-28,3.0,300
0,Bro4u.com,,Private,2015-01-01,month,2015-11-27,8,3.0,"110,306","117,306",17.78%,"1,234",1172.16%,1.62,54.24%,38.22%,"379,327",-60.71%,"-42,209",-10.01%,92.0,5.0,22.0,500000.0,2015-11-27,1.0,330
0,Talentrack,,Private,2015-01-01,year,2015-11-26,0,1.0,"21,249","147,855.33",-92.53%,218,-41.08%,1.22,-45.73%,91.32%,"1,235,261",99.21%,"1,053,023",577.83%,34.0,3.0,0.0,500000.0,2015-11-26,1.0,329
1,BetterButter,Was Acquired,Private,2015-01-01,year,2017-09-01,3,2.0,"109,010","184,658",-56.54%,"2,207",1112.64%,1.11,0.58%,89.08%,"382,452",-1.13%,"182,114",90.90%,41.0,2.0,18.0,500000.0,2015-08-28,1.0,239
1,Myntra,"Made Acquisitions, Was Acquired",Private,2007-01-01,year,2022-03-25,"1,927",5.0,"125,732,777","89,231,232.17",75.90%,689,-6.26%,2.81,2.14%,65.62%,893,-1.35%,-553,-38.24%,33.0,9.0,30.0,500000.0,2007-01-01,2.0,0
1,VerSe Innovation,Made Acquisitions,Private,2007-01-01,year,2022-04-06,27,2.0,"8,785","13,926",-28.26%,457,-68.18%,1.19,-24.24%,83.22%,"2,009,643",41%,"312,529",18.42%,31.0,0.0,11.0,542429.0,2007-07-01,1.0,181
0,VVDN Technologies,,Private,2007-04-26,day,2023-09-06,14,2.0,"122,056","86,123.67",17.92%,379,-47.43%,2.8,-2.09%,37.88%,"350,449",-13.36%,"-41,289",-10.54%,41.0,2.0,29.0,500000.0,2016-12-08,1.0,3514
0,Ozonetel Communications,,Private,2007-01-01,year,2021-10-06,0,3.0,"254,585","104,965.17",465.48%,"2,279",65.63%,2.71,-63%,71.11%,"201,857",186.39%,"-524,077",-72.19%,90.0,0.0,27.0,36000.0,2018-01-01,1.0,4018
1,Zoomin,Made Acquisitions,Private,2007-01-01,year,2021-03-30,12,5.0,"517,616","562,144.33",15.26%,614,-11.14%,2.27,30.42%,51.34%,"118,621",-26.21%,"-10,927",-8.43%,58.0,1.0,18.0,850000.0,2007-11-01,3.0,304
0,Attero,,Private,2007-01-01,year,2014-08-28,40,1.0,951,"4,868.50",-38.96%,36,-90.19%,1.46,-53.74%,53.84%,"5,284,839",49.51%,"928,285",21.31%,27.0,0.0,14.0,2500000.0,2008-04-18,1.0,473
0,Routematic,,Private,2007-01-01,year,2020-11-06,2,2.0,"724,717","571,457.33",47.13%,330,17.44%,1.86,1.73%,50.37%,"92,004",-9.60%,"-28,777",-23.83%,42.0,3.0,19.0,2500000.0,2019-04-16,2.0,4488
0,DogSpot,,Private,2007-01-01,year,2016-01-04,20,1.0,"140,588","84,816.50",99.27%,212,130.43%,5.28,378.97%,51.25%,"315,655",-46.96%,"-208,271",-39.75%,75.0,2.0,18.0,500000.0,2016-01-04,5.0,3290
0,Robomart.com,,Private,2007-01-01,year,2018-02-01,1,1.0,"7,155","18,412.50",-27.91%,669,-48.50%,3.23,61.95%,73.46%,"2,310,976",15.61%,"406,229",21.33%,51.0,3.0,16.0,500000.0,2018-02-01,0.0,4049
0,Jeeves,,Private,2007-01-01,year,2012-06-21,15,3.0,"129,956","126,675.17",54.62%,"2,107",-21.17%,13.1,20.39%,36.65%,"335,085",-13.03%,"-121,540",-26.62%,35.0,2.0,14.0,500000.0,2012-06-21,1.0,1998
1,Rebel Foods,Made Acquisitions,Private,2011-01-01,year,2023-04-25,134,2.0,"71,675","46,993.17",1214.66%,170,-9.57%,1.15,-51.41%,93.58%,"525,414",152.31%,"-2,121,266",-80.15%,45.0,5.0,4.0,500000.0,2010-10-30,1.0,-63
1,Exotel,Made Acquisitions,Private,2011-01-01,year,2022-01-03,63,4.0,"297,180","308,716.83",-8.72%,"1,673",-11.90%,3.37,58.92%,44.43%,"179,600",-31.24%,"14,751",8.95%,83.0,0.0,38.0,205882.0,2013-02-05,1.0,766
0,Hopscotch,,Private,2011-01-01,year,2023-05-24,16,1.0,"1,763,841","1,384,127.50",53.55%,801,300.50%,1.47,-16.98%,81.17%,"46,425",25.77%,"-16,863",-26.64%,37.0,1.0,10.0,500000.0,2012-12-08,1.0,707
0,Stellapps,,Private,2011-01-01,year,2022-02-17,20,6.0,"66,609","23,415.67",4317.04%,112,202.70%,1.0,-45.10%,99.74%,"553,674",69.94%,"-3,838,075",-87.39%,30.0,12.0,10.0,182637.0,2013-01-01,1.0,731
0,UrbanPro,,Private,2011-01-01,year,2015-05-26,10,1.0,"1,396,516","1,498,008.50",25.28%,835,95.09%,2.34,6.52%,60.31%,"55,568",-9.77%,"-9,208",-14.22%,45.0,5.0,29.0,2000000.0,2015-05-26,1.0,1606
1,ClearTax,Made Acquisitions,Private,2011-01-01,year,2022-01-13,84,3.0,"10,735,162","14,755,071",13.61%,732,5.48%,1.34,-8%,80.59%,"10,201",4.40%,-560,-5.20%,88.0,11.0,37.0,2000000.0,2016-05-25,2.0,1971
0,IncNut Digital,,Private,2011-01-01,year,2020-07-13,4,2.0,"6,738","3,637.17",190.68%,352,486.67%,2.56,18.60%,25.20%,"2,371,238",-91.84%,"-1,334,523",-36.01%,47.0,0.0,17.0,500000.0,2013-08-01,1.0,943
0,Prime Venture Partners,,Private,2011-01-01,year,2012-10-24,164,4.0,"1,769","2,035.67",5.74%,148,2.78%,2.51,36.03%,43.19%,"4,189,207",37.64%,"-75,192",-1.76%,45.0,0.0,9.0,500000.0,2012-10-24,1.0,662
0,GoCoop,,Private,2011-01-01,year,2021-12-16,4,1.0,"153,215","35,688.33",414.49%,327,-73.04%,1.57,-61.96%,92.69%,"296,288",40.35%,"-724,786",-70.98%,73.0,1.0,18.0,70000.0,2013-12-17,3.0,1081
0,Alma Connect,,Private,2011-01-01,year,2016-02-18,3,1.0,"209,045","157,520.67",0.06%,114,-54.58%,2.6,1.01%,21.49%,"233,931",-62.72%,"3,908",1.70%,52.0,0.0,13.0,500000.0,2016-02-18,3.0,1874
0,Mobiotics,,Private,2011-01-01,day,2012-04-10,0,2.0,"16,956","10,489",97.83%,"1,178",25.32%,3.65,32.56%,12.96%,"1,396,547",-71.73%,"-641,331",-31.47%,4.0,2.0,11.0,40000.0,2012-04-10,1.0,465
0,Avaz,,Private,2009-01-01,year,2019-01-01,10,1.0,"9,884","6,044.33",28.48%,0,-97.22%,1.0,0%,100%,"1,904,972",0%,"-291,199",-13.26%,6.0,35.0,28.0,550000.0,2014-04-22,4.0,1937
1,People Matters,Was Acquired,Private,2009-01-01,year,2012-05-08,13,1.0,"142,173","159,694",-40.28%,86,26.47%,1.55,8.64%,60.11%,"313,096",-2.16%,"104,716",50.25%,37.0,3.0,14.0,752862.0,2012-05-08,1.0,1223
0,Intepat IP Services,,Private,2009-01-01,year,2009-09-01,0,1.0,"10,062","9,057.67",9.96%,42,-89.88%,1.12,-42.77%,88.23%,"1,890,017",-5.32%,"-95,851",-4.83%,41.0,0.0,9.0,10000.0,2009-09-01,1.0,243
1,Vedantu,Made Acquisitions,Private,2011-10-29,day,2022-02-24,166,4.0,"22,814,669","22,717,443.83",6.53%,787,2.21%,1.39,-0.84%,80.19%,"5,105",1.17%,133,2.67%,55.0,8.0,45.0,400000.0,2014-08-01,1.0,1007
0,IDfy,,Private,2011-05-01,month,2021-10-21,13,3.0,"1,708,998","1,597,074.33",-15.50%,887,-25.96%,1.57,1.71%,78.74%,"47,551",0.78%,"7,278",18.07%,126.0,4.0,37.0,500000.0,2012-01-01,1.0,245
1,Bewakoof,Was Acquired,Private,2011-08-19,day,2021-12-27,16,1.0,"4,497,412","4,119,404.17",59.35%,240,-30.43%,2.18,3.93%,68.96%,"21,452",2.76%,"-9,151",-29.90%,50.0,0.0,23.0,85253.0,2018-03-08,4.0,2393
1,Unbxd,Was Acquired,Private,2011-10-04,day,2019-01-01,46,2.0,"5,020","7,888.33",-65.08%,458,-73.65%,1.12,-77.16%,92.15%,"2,735,205",114.70%,"1,163,936",74.08%,83.0,0.0,55.0,500000.0,2012-09-26,2.0,358
0,WebEngage,,Private,2011-10-13,day,2022-08-02,58,2.0,"4,482,594","3,942,699.83",9.15%,362,-15.42%,1.58,7.74%,71.21%,"21,504",0.03%,-818,-3.66%,92.0,0.0,73.0,1250000.0,2016-01-20,2.0,1560
1,MissMalini Entertainment,Was Acquired,Private,2011-02-01,month,2018-08-28,1,2.0,"87,390","166,152.17",-53.42%,280,-61.80%,1.1,6.69%,89.85%,"451,231",-8.02%,"202,193",81.19%,26.0,0.0,48.0,1480125.0,2018-08-28,2.0,2765
1,Jaypore,Was Acquired,Private,2011-02-02,day,2016-10-10,17,4.0,"148,010","183,579.67",-21.57%,444,48.49%,2.19,-18.81%,66.76%,"304,479",135.15%,"56,573",22.82%,46.0,0.0,28.0,375000.0,2011-09-04,1.0,214
1,LectureNotes,Made Acquisitions,Private,2011-12-15,day,2022-03-24,3,4.0,"3,382","9,398.50",-39.10%,353,157.66%,1.22,-37.79%,78.06%,"3,201,972",50.14%,"583,325",22.28%,36.0,1.0,0.0,351094.0,2019-09-20,1.0,2836
0,Vaave,,Private,2011-01-10,day,2014-12-10,0,1.0,"1,949","7,115",-54.70%,52,-1.89%,2.27,29.17%,60.60%,"4,050,397",10.04%,"1,174,263",40.83%,17.0,0.0,9.0,40267.0,2014-12-10,1.0,1430
0,Adjetter Media Network,,Private,2011-02-15,day,2016-11-22,0,3.0,"42,860","19,803.67",8079.39%,65,-78.19%,1.1,-72.40%,91.34%,"767,488",82.68%,"-5,446,076",-87.65%,11.0,10.0,16.0,300000.0,2014-05-01,1.0,1171
1,Dataweave,Made Acquisitions,Private,2011-04-01,day,2018-08-23,25,2.0,"2,434","12,458.50",-52.26%,"1,135",800.79%,2.08,28.02%,45.81%,"3,626,639",-38.05%,"926,226",34.30%,31.0,0.0,31.0,500000.0,2013-08-17,1.0,869
0,Classpro,,Private,2011-08-11,day,2019-01-01,2,3.0,"7,801","69,320.17",28.10%,"1,268",220.20%,9.4,243.69%,26.69%,"2,176,313",-44.35%,"-274,441",-11.20%,75.0,0.0,27.0,500000.0,2019-01-01,1.0,2700
1,CloudCodes,Was Acquired,Private,2011-11-21,day,2016-02-01,13,3.0,"4,233","3,269.83",122.56%,"1,375",200%,1.11,10.54%,94.73%,"2,939,551",-5.27%,"-1,160,867",-28.31%,16.0,2.0,19.0,250000.0,2016-02-01,1.0,1533
1,PoshVine,Was Acquired,Private,2011-10-27,day,2012-06-26,12,2.0,"598,483","995,211.67",24.47%,"3,586",684.68%,1.37,17.14%,79.76%,"106,280",-6.54%,"-16,758",-13.62%,77.0,0.0,9.0,500000.0,2012-06-26,1.0,243
0,AxisRooms,,Private,2011-02-23,day,2013-09-24,10,4.0,"136,082","124,490.33",49.59%,886,19.89%,2.91,-8.67%,44.73%,"323,158",24.18%,"-107,799",-25.01%,94.0,2.0,27.0,500000.0,2013-09-24,1.0,944
0,StyleCraze Beauty Care Pvt Ltd,,Private,2011-11-01,day,2013-08-03,0,1.0,"8,264,630","12,579,708.83",-19.93%,546,-43.42%,1.1,-1.26%,91.78%,"12,791",-0.14%,"2,901",29.33%,92.0,5.0,83.0,500000.0,2013-08-01,1.0,639
0,Touristlink,,Private,2011-10-01,day,2013-10-04,13,3.0,"69,478","171,793.50",-44.03%,"1,002",108.75%,1.83,33.31%,91.94%,"536,696",38.44%,"196,912",57.95%,38.0,0.0,30.0,500000.0,2013-10-04,1.0,734
1,Housing.com,"Made Acquisitions, Was Acquired",Private,2012-06-07,day,2020-02-29,379,12.0,"21,178,276","19,085,201.67",17.08%,700,-28.21%,1.35,-7.35%,82.04%,"5,458",2.78%,-387,-6.62%,62.0,8.0,38.0,2500000.0,2013-06-04,1.0,362
0,Atomberg Technology,,Private,2012-04-17,day,2023-05-29,3,2.0,"1,114,234","1,107,842.83",-1.16%,134,-11.84%,1.62,-53.25%,78.25%,"66,344",36.51%,"2,104",3.28%,58.0,4.0,15.0,1000000.0,2016-05-30,1.0,1504
1,Roposo,Was Acquired,Private,2012-06-29,day,2018-12-11,87,3.0,"444,884","350,085.83",-8.83%,443,-67.78%,1.18,3.27%,86.02%,"132,943",-10.29%,"11,230",9.23%,44.0,1.0,11.0,1000000.0,2014-07-08,3.0,739
1,Shopsense Retail Technologies Limited,Was Acquired,Private,2012-09-27,day,2018-03-29,62,3.0,"128,414","184,172.50",4.72%,"1,440",66.28%,1.43,-5.24%,67.22%,"337,869",-15.19%,"-5,291",-1.54%,46.0,9.0,75.0,500000.0,2017-03-26,2.0,1641
1,OYO,Made Acquisitions,Private,2012-02-21,day,2022-01-13,782,1.0,"4,079,488","5,517,892.33",-8.40%,539,-17.58%,2.12,29.42%,67.45%,"23,379",-2.95%,"2,574",12.37%,73.0,31.0,50.0,500000.0,2012-10-15,6.0,237
0,DailyObjects,,Private,2012-06-01,month,2022-02-11,29,2.0,"865,237","759,456.33",23.29%,349,-8.88%,1.55,5.31%,70.74%,"80,603",-10.59%,"-11,913",-12.88%,39.0,2.0,22.0,500000.0,2012-11-19,1.0,171
1,DeHaat,Made Acquisitions,Private,2012-02-06,day,2022-10-21,49,5.0,"79,291","36,164",428.29%,8,-99.56%,1.88,-19.76%,12.47%,"483,575",-85.47%,"-1,050,583",-68.48%,40.0,4.0,11.0,4371484.0,2019-03-18,2.0,2597
0,E42,,Private,2012-04-01,month,2021-10-26,20,3.0,549,"1,509.67",-78.54%,342,173.60%,1.59,-18.75%,40.62%,"6,282,487",-9.49%,"2,726,974",76.70%,10.0,0.0,0.0,500000.0,2015-03-17,1.0,1080
0,Intelligence Node,,Private,2012-08-01,month,2019-07-25,67,3.0,"7,464","76,216.83",-97.51%,644,550.51%,1.11,-49.08%,91.79%,"2,242,653",116.28%,"2,067,550",1180.76%,60.0,0.0,37.0,350000.0,2014-05-01,1.0,638
0,Avanti Learning Centres,,Private,2012-11-07,day,2016-02-09,5,2.0,"4,205","14,659",-92.96%,18,-94.70%,1.16,15.91%,89.39%,"2,973,540",-10.61%,"2,382,665",403.24%,45.0,0.0,22.0,500000.0,2013-12-01,2.0,389
0,Posist,,Private,2012-02-01,day,2019-01-01,1,2.0,"78,572","98,884.50",-13.52%,409,-38.12%,1.41,23.85%,86.02%,"487,324",-5.65%,"56,020",12.99%,27.0,7.0,24.0,500000.0,2014-10-28,1.0,1000
0,SP Robotic Works Pvt Ltd,,Private,2012-08-10,day,2021-07-30,9,2.0,"4,133","4,406.83",100.24%,650,19.05%,4.91,10.81%,34.36%,"2,988,328",-53.95%,"-855,390",-22.25%,31.0,2.0,17.0,300000.0,2016-03-23,2.0,1321
0,TravelKhana,,Private,2012-08-01,day,2017-08-29,28,1.0,"811,214","1,251,492",17.02%,131,-5.07%,1.27,24.81%,73.36%,"84,563",-25.90%,"-8,769",-9.40%,72.0,4.0,19.0,2000000.0,2013-10-04,4.0,429
0,Parentune,,Private,2012-03-20,day,2017-03-08,6,2.0,"435,320","218,110.67",51.50%,78,-93.01%,1.58,-24.69%,63.81%,"135,016",-17.98%,"-45,945",-25.39%,14.0,0.0,19.0,500000.0,2015-12-01,1.0,1351
0,TradeLab,,Private,2012-07-26,day,2015-05-03,6,2.0,"100,993","17,900.17",17870.28%,11,-84.93%,1.0,-66.61%,99.90%,"405,837",200.27%,"-5,743,205",-93.40%,63.0,1.0,30.0,390000.0,2015-05-03,1.0,1011
0,CultureAlley,,Private,2012-12-01,day,2015-07-03,9,2.0,"2,811","5,255.33",494.29%,0,654.55%,1.0,0%,100%,"3,409,772",0%,"-3,399,031",-49.92%,5.0,1.0,3.0,100000.0,2013-03-01,1.0,90
0,LivQuik,,Private,2012-07-04,day,2021-09-13,11,2.0,727,"2,752.50",-17.85%,"2,070",-45.66%,1.61,61.35%,69.33%,"5,970,696",-30.67%,"580,523",10.77%,45.0,0.0,16.0,1600000.0,2015-07-17,1.0,1108
0,Click,,Private,2012-06-14,day,2012-10-25,26,2.0,"184,140","472,470.33",-87.33%,194,60.33%,1.9,0.74%,55.20%,"258,209",-14.07%,"205,551",390.35%,20.0,5.0,61.0,231382.0,2012-10-25,1.0,133
0,CronJ IT Technologies,,Private,2012-01-10,day,2012-04-10,14,2.0,"20,938","41,334.17",-28.28%,630,11.50%,1.41,-6.44%,71.52%,"1,244,537",-12.93%,"212,707",20.61%,47.0,0.0,39.0,10000.0,2012-04-10,1.0,91
0,InTouchApp,,Private,2012-11-01,day,2016-04-25,12,1.0,"52,116","52,029.83",59.16%,460,-16.52%,2.34,33.42%,50.66%,"661,431",-31.61%,"-282,447",-29.92%,69.0,4.0,16.0,500000.0,2016-04-25,1.0,1271
0,Helical IT Solutions,,Private,2012-11-05,day,2013-05-10,1,2.0,"7,811","9,911.33",-19.75%,765,731.52%,4.85,272.31%,82.09%,"2,175,498",2.04%,"256,171",13.35%,1.0,0.0,14.0,45763.0,2013-05-10,1.0,186
1,Zomato,Made Acquisitions,Public,2008-07-01,month,2023-08-30,"3,894",2.0,"17,940,201","20,512,367",-2.77%,821,-6.81%,1.85,19.30%,66.17%,"6,441",-10.27%,713,12.45%,43.0,0.0,38.0,1012914.0,2010-08-01,1.0,761
1,Capillary Technologies,Made Acquisitions,Private,2008-08-01,day,2023-06-01,192,3.0,"708,351","394,335",137.95%,"1,660",-58.08%,1.83,-53.82%,65.72%,"93,618",55.15%,"-82,438",-46.82%,79.0,7.0,43.0,100000.0,2009-10-06,1.0,431
0,E2E Networks,,Private,2008-06-01,day,2013-06-30,10,1.0,"56,602","51,999.33",58.94%,"1,057",92.18%,2.3,37.18%,59.52%,"624,059",-18.04%,"-272,299",-30.38%,42.0,0.0,24.0,80405.0,2013-06-30,1.0,1855
0,Cropin,,Private,2010-08-01,month,2022-12-09,35,2.0,"12,569","13,059.83",1.95%,152,-78.50%,1.27,-11.22%,81.76%,"1,670,193",1.09%,"-22,708",-1.34%,39.0,11.0,16.0,290078.0,2014-02-26,2.0,1305
0,Onsitego,,Private,2010-08-01,month,2020-09-22,16,1.0,"1,185,841","901,624",-9.91%,"1,094",29.77%,1.38,-13.50%,73.37%,"63,143",-0.10%,"6,265",11.01%,45.0,5.0,12.0,500000.0,2015-03-01,1.0,1673
0,Collegedunia,,Private,2010-05-08,day,2016-01-18,11,1.0,"7,497,724","16,040,192.67",-22.38%,721,14.81%,1.41,6.84%,72.84%,"13,904",-11.37%,"3,384",32.17%,42.0,0.0,35.0,443000.0,2016-01-18,1.0,2081
1,INSOFE,Was Acquired,Private,2010-01-17,day,2017-03-27,4,3.0,"2,803","7,320.67",93.71%,339,20.21%,2.36,43.06%,57.87%,"3,411,871",-33.49%,"-1,076,658",-23.99%,47.0,0.0,0.0,2600000.0,2017-03-27,1.0,2626
0,CollegeSearch,,Private,2010-10-07,day,2014-03-01,6,2.0,"653,440","1,781,386.33",-32.25%,"1,634",106.05%,1.22,-4.84%,86.48%,"99,485",3.74%,"27,110",37.46%,47.0,2.0,25.0,320000.0,2014-03-01,1.0,1241
0,Bigscal Technologies Pvt Ltd.,,Private,2010-12-01,day,2016-02-13,0,2.0,"18,910","22,306",53.78%,296,3.50%,1.54,-30.69%,65.66%,"1,314,779",82.80%,"-379,699",-22.41%,66.0,1.0,12.0,500000.0,2016-02-13,1.0,1900
0,CleanTech Technology,,Private,2010-04-01,day,2013-06-24,0,1.0,"180,204","153,463.67",-18.43%,35,-96.41%,1.46,-0.29%,66.26%,"262,214",-12.24%,"41,956",19.05%,47.0,0.0,8.0,100000.0,2011-01-01,1.0,275
1,BharatPe,Made Acquisitions,Private,2018-04-01,month,2021-10-25,351,3.0,"832,730","463,780",57.59%,"1,568",191.45%,1.24,-18.63%,86.60%,"82,924",64.80%,"-31,631",-27.61%,33.0,0.0,18.0,2000000.0,2018-10-01,6.0,183
0,Credgenics,,Private,2018-10-10,day,2023-08-09,27,5.0,"3,541","6,065",-24.87%,6,-98.20%,1.21,-20.89%,79.05%,"3,139,500",67.76%,"363,750",13.10%,8.0,3.0,0.0,300000.0,2019-11-10,5.0,396
0,TravClan,,Private,2018-10-01,day,2022-04-28,5,3.0,"239,061","174,238.33",94.85%,"1,665",11.97%,3.26,-14.94%,33.18%,"211,397",40%,"-131,647",-38.38%,60.0,1.0,0.0,1000000.0,2019-08-01,1.0,304
1,Spyne,Made Acquisitions,Private,2018-12-28,day,2022-04-12,12,2.0,"1,138,667","415,415",26.26%,465,32.10%,1.25,0.03%,83.30%,"65,243",-3.81%,"-11,060",-14.49%,60.0,19.0,25.0,500000.0,2019-07-05,1.0,189
0,Data Sutram,,Private,2018-09-20,day,2023-09-26,11,6.0,"29,042","14,345.50",322.74%,"1,845",-1.65%,3.3,4.46%,46.85%,"1,035,772",5.35%,"-1,300,062",-55.66%,48.0,0.0,0.0,35000.0,2019-12-07,1.0,443
0,Virohan,,Private,2018-05-04,day,2022-12-08,23,4.0,"41,173","95,975.67",-70.15%,207,-73.50%,7.65,654.04%,32.22%,"789,525",-67.37%,"474,838",150.89%,62.0,5.0,15.0,500000.0,2019-07-01,1.0,423
0,Zimyo,,Private,2018-01-15,day,2022-03-03,3,2.0,"67,926","73,510",-50.74%,660,88.03%,1.45,5.35%,82.15%,"545,120",-9.87%,"230,349",73.18%,84.0,5.0,23.0,500000.0,2019-05-13,1.0,483
1,Artivatic.ai,Was Acquired,Private,2018-01-05,day,2022-02-15,22,2.0,657,"1,954.67",-72.84%,0,-75.02%,1.0,-50.39%,100%,"6,096,409",90.19%,"2,460,538",67.67%,79.0,0.0,24.0,500000.0,2019-02-26,1.0,417
0,AccioJob,,Private,2018-08-08,day,2023-09-09,1,4.0,"1,944,760","1,292,638.33",57.65%,922,17.30%,1.62,-28.30%,64.72%,"43,033",33.20%,"-16,840",-28.13%,60.0,2.0,12.0,150000.0,2019-03-18,1.0,222
1,One Impression,Made Acquisitions,Private,2018-07-01,month,2023-03-15,6,2.0,"3,318","8,784.17",-88.62%,"3,515",59.85%,2.48,141.11%,64.20%,"3,222,536",-34.62%,"2,190,212",212.16%,10.0,0.0,11.0,500000.0,2019-08-01,1.0,396
0,Fasal,,Private,2018-01-11,day,2021-11-22,21,5.0,"3,551","9,074.17",-70%,119,-84.66%,1.31,-33.56%,81.50%,"3,136,832",20.58%,"1,407,841",81.43%,30.0,1.0,15.0,1600000.0,2019-10-30,7.0,657
0,Pocket FM,,Private,2018-09-28,day,2023-05-02,38,3.0,"549,439","474,264.17",103.82%,699,131.46%,1.65,5.51%,59.94%,"113,362",7.92%,"-76,384",-40.26%,28.0,4.0,22.0,500000.0,2019-02-05,1.0,130
1,Practically,Made Acquisitions,Private,2018-03-01,month,2021-12-15,1,3.0,"36,850","73,097.67",39.86%,"1,027",-60.80%,9.22,-19.98%,38.35%,"884,580",61%,"-200,002",-18.44%,6.0,0.0,0.0,5000000.0,2019-09-04,3.0,552
0,Knorish,,Private,2018-04-24,day,2023-07-04,6,2.0,"149,171","140,243",49.18%,703,82.60%,5.23,47.47%,35.94%,"302,717",-14.89%,"-98,633",-24.58%,34.0,27.0,22.0,500000.0,2019-12-01,1.0,586
0,Gatheround,,Private,2018-11-01,month,2020-06-27,0,3.0,"12,739","18,022.33",-38.46%,270,-81.20%,2.19,23.30%,25.41%,"1,659,866",-64.39%,"417,800",33.64%,48.0,0.0,15.0,495000.0,2018-12-02,4.0,31
1,Classplus,Made Acquisitions,Private,2018-01-28,day,2022-03-29,41,5.0,"5,354,338","4,642,152.50",-7.35%,"1,269",2.59%,2.51,-4.90%,51.72%,"18,494",9.65%,"1,844",11.08%,4.0,1.0,24.0,1600000.0,2019-05-09,4.0,466
0,ZAMROO,,Private,2018-06-15,day,2020-04-20,1,1.0,"8,252","23,178.33",-87.16%,185,134.18%,2.18,103.56%,67.35%,"2,109,278",-30.80%,"1,551,470",278.14%,36.0,1.0,60.0,73339.0,2018-06-15,1.0,0
0,Arzooo.com,,Private,2018-10-01,month,2022-06-28,5,2.0,"99,574","73,072.50",127.97%,"1,324",144.28%,1.9,-1.69%,62.82%,"410,175",29.39%,"-330,572",-44.63%,34.0,0.0,12.0,1000000.0,2019-06-13,1.0,255
0,The Tarzan Way,,Private,2018-08-10,day,2022-01-31,0,2.0,"2,510","7,821.67",22.08%,25,2550%,1.09,8.88%,91.12%,"3,581,539",-8.88%,"-265,221",-6.89%,28.0,0.0,0.0,500000.0,2018-08-10,1.0,0
1,Skill Lync,Made Acquisitions,Private,2018-04-01,month,2021-08-03,21,2.0,"281,633","595,032.33",-11.16%,"1,162",38.83%,2.86,-26.06%,74.93%,"186,773",47.38%,"18,622",11.07%,66.0,0.0,35.0,150000.0,2019-03-18,1.0,351
0,UNI,,Private,2018-01-15,day,2021-04-15,21,2.0,"183,874","48,642.83",565.61%,"1,219",114.61%,1.1,-56.77%,97.67%,"258,472",45.17%,"-800,388",-75.59%,79.0,0.0,24.0,100000.0,2019-05-25,1.0,495
0,Big.Jobs,,Private,2018-11-01,month,2022-03-30,8,3.0,"135,531","23,877.17",6068.91%,38,-98.74%,1.5,14.25%,50.82%,"324,106",-26.35%,"-3,444,743",-91.40%,10.0,0.0,0.0,115000.0,2019-12-15,1.0,409
0,Vowelor,,Private,2018-11-01,month,2019-06-10,1,2.0,"1,400","3,039.67",-66.59%,0,-71.84%,1.0,0%,100%,"4,626,874",0%,"1,718,064",59.06%,42.0,1.0,14.0,143815.0,2019-06-10,1.0,221
0,AttainU,,Private,2018-11-01,month,2019-09-16,3,2.0,219,"4,729",-55.76%,0,-91.30%,1.0,0%,100%,"7,689,978",0%,"1,433,325",22.91%,46.0,0.0,0.0,150000.0,2019-02-01,1.0,92
0,GroCurv,,Private,2018-08-01,month,2020-05-13,48,2.0,742,"2,334.17",-43.57%,509,-68.54%,2.0,75.10%,0%,"5,953,607",15.58%,"1,299,339",27.92%,27.0,0.0,0.0,250000.0,2019-03-06,1.0,217
0,Zolopik,,Private,2018-07-14,day,2018-11-20,0,2.0,"119,523","34,225.67",8234.94%,"2,116",17533.33%,1.34,-51.23%,67.06%,"355,950",414.26%,"-4,138,459",-92.08%,3.0,0.0,0.0,70000.0,2018-11-20,1.0,129
0,Meddco.com,,Private,2018-07-21,day,2018-12-14,0,2.0,"9,453","70,067.17",-92.95%,0,142.34%,1.0,-1.73%,100%,"1,938,559",1.50%,"1,617,668",504.12%,39.0,0.0,0.0,70000.0,2018-12-14,1.0,146
0,Trodly,,Private,2018-01-05,day,2018-09-01,22,2.0,"274,688","56,155.17",1552.56%,"2,462",569.02%,1.25,-0.46%,75.33%,"190,306",-9.40%,"-1,218,803",-86.49%,15.0,5.0,22.0,25000.0,2018-09-01,1.0,239
0,FourModules,,Private,2018-10-09,day,2019-02-12,0,2.0,"82,562","120,656.50",1.71%,"3,555",-3.05%,32.27,62.32%,14.24%,"469,264",-9.41%,"1,545",0.33%,42.0,0.0,0.0,95000.0,2019-02-12,1.0,126
0,HealthifyMe,,Private,2012-01-01,year,2023-06-07,109,3.0,"2,769,430","2,120,358.33",8.79%,971,78.49%,1.43,8.56%,71.57%,"32,295",-12.78%,"-1,016",-3.05%,13.0,2.0,49.0,500000.0,2015-06-18,5.0,1264
1,Happay,Was Acquired,Private,2012-01-01,year,2019-05-27,27,2.0,"29,626","46,722.33",-39.43%,306,-19.26%,1.32,8.98%,74.24%,"1,022,748",-18.05%,"338,932",49.56%,44.0,14.0,0.0,500000.0,2013-12-01,1.0,700
0,Bizom,,Private,2012-01-01,year,2022-11-04,6,4.0,"2,340","2,650.33",134.70%,55,205.56%,1.28,-21.05%,71.71%,"3,668,665",91.18%,"-1,359,991",-27.04%,39.0,12.0,13.0,300000.0,2013-03-01,1.0,425
1,NowFloats,"Made Acquisitions, Was Acquired",Private,2012-01-01,year,2019-03-08,33,5.0,"61,050","139,151",-76.03%,284,-85.44%,2.59,-39.04%,21.17%,"591,585",-23.10%,"393,669",198.91%,49.0,46.0,42.0,500000.0,2013-06-10,4.0,526
0,iDream Career,,Private,2012-01-01,year,2022-04-26,3,3.0,"35,284","365,292.50",-93.77%,732,-70.81%,1.53,10.07%,77.07%,"906,158",-7.52%,"797,436",733.46%,35.0,0.0,57.0,500000.0,2019-08-07,1.0,2775
0,DataTrained,,Private,2012-01-01,year,2023-01-31,10,1.0,"215,227","280,818.33",7.51%,653,23.67%,1.95,-7.98%,66.74%,"228,815",12.81%,"-8,413",-3.55%,40.0,0.0,15.0,1702272.0,2018-12-18,3.0,2543
0,Oliveboard,,Private,2012-01-01,year,2021-07-12,12,2.0,"2,998,520","2,794,042.50",14.87%,"1,938",-16.75%,4.01,-11.65%,42.65%,"30,341",12.80%,"-2,287",-7.01%,44.0,11.0,20.0,500000.0,2019-01-01,1.0,2557
1,Browntape,Was Acquired,Private,2012-01-01,year,2021-03-03,14,3.0,"23,197","53,539.17",-73.87%,536,-75.60%,3.97,-40.08%,47.86%,"1,176,993",51.22%,"738,331",168.31%,64.0,2.0,33.0,500000.0,2014-04-04,2.0,824
0,Kratikal,,Private,2012-01-01,year,2019-12-04,5,3.0,"4,879","8,988.17",-82.92%,556,2680%,1.43,41.04%,84.24%,"2,761,677",-14.73%,"1,719,803",165.07%,67.0,0.0,22.0,1000000.0,2019-12-04,8.0,2894
0,HelloVerify,,Private,2012-01-01,year,2019-03-12,4,2.0,"33,001","65,964.17",438%,426,-22.55%,1.32,-45.49%,92.59%,"942,757",122.36%,"-1,501,583",-61.43%,12.0,0.0,15.0,120000.0,2018-01-04,2.0,2195
0,PlayAblo,,Private,2012-01-01,year,2017-07-19,0,3.0,"17,727","45,821.33",-69.85%,447,-56.98%,3.89,-45.74%,28.89%,"1,360,237",74.46%,"763,477",127.94%,83.0,8.0,0.0,600000.0,2017-07-19,1.0,2026
0,mElimu,,Private,2012-01-01,year,2014-08-10,0,3.0,"68,201","139,576.50",-20.08%,656,94.66%,6.19,35.61%,20.57%,"543,567",-18.15%,"92,801",20.59%,84.0,16.0,34.0,300000.0,2014-08-10,1.0,952
0,Securtime,,Private,2012-01-01,year,2017-01-12,2,3.0,"2,264","17,298.17",-72.22%,100,-75.61%,2.15,27.48%,71.33%,"3,718,708",34.56%,"1,633,233",78.31%,5.0,5.0,13.0,500000.0,2017-01-12,2.0,1838
0,Menstrupedia,,Private,2012-01-01,year,2019-01-01,0,3.0,"2,697","13,075.50",-87.86%,26,-7.14%,1.33,19.75%,75.19%,"3,474,041",-17.99%,"2,276,360",190.06%,50.0,2.0,45.0,500000.0,2019-01-01,1.0,2557
1,PriceBaba,Was Acquired,Private,2012-01-01,year,2013-08-01,62,2.0,"1,015,176","1,489,494.17",-30.92%,"1,438",-64.82%,2.07,-35.65%,74.47%,"71,437",-13.06%,"19,274",36.95%,23.0,1.0,34.0,500000.0,2013-05-14,3.0,499
0,nurtr,,Private,2012-01-01,year,2017-06-01,0,1.0,"4,198","8,533",826.71%,"1,920",31900%,7.69,477%,41.57%,"2,975,377",-37.65%,"-3,889,711",-56.66%,61.0,4.0,0.0,500000.0,2017-06-01,2.0,1978
1,FreeCharge,"Made Acquisitions, Was Acquired",Private,2010-01-01,year,2017-09-21,470.0,1.0,"1,114,349","1,678,210.50",13.84%,292,21.67%,1.71,-2.81%,48.92%,"66,339",-8.22%,"-5,245",-7.33%,39.0,4.0,28.0,500000.0,2011-01-01,1.0,365
1,91Mobiles,Made Acquisitions,Private,2010-01-01,year,2014-10-29,7.0,2.0,"36,151,592","31,323,567.50",23.59%,561,48.81%,2.02,6.72%,61.47%,"3,232",-8.20%,-440,-11.98%,53.0,2.0,31.0,1000000.0,2014-10-29,1.0,1762
1,AWS Training in Chennai,Was Acquired,Private,2010-01-01,year,2014-02-25,21.0,3.0,223,"1,066.67",-57.44%,0,355.56%,1.0,-60%,100%,"7,628,650",0%,"1,416,958",22.81%,10.0,6.0,0.0,1000000.0,2013-11-01,7.0,1400
0,Kleeto,,Private,2010-01-01,year,2015-10-30,0,1.0,"4,234","5,462.33",-4.34%,291,219.78%,3.06,18.36%,31.22%,"2,939,446",56.10%,"98,527",3.47%,19.0,0.0,9.0,229000.0,2015-10-30,1.0,2128
0,Process 9,,Private,2010-01-01,year,2016-04-01,3.0,1.0,"3,521","3,628.83",118.42%,75,-89.95%,1.21,-61.51%,78.93%,"3,143,076",13.81%,"-1,161,980",-26.99%,60.0,8.0,16.0,500000.0,2016-04-01,4.0,2282
0,Docswallet,,Private,2010-01-01,year,2017-10-25,0,2.0,"5,194","4,036.33",4.11%,464,85.60%,4.86,94.59%,0%,"2,693,125",11.35%,"-24,435",-0.90%,4.0,0.0,12.0,500000.0,2017-10-25,1.0,2854
1,MobiKwik,Made Acquisitions,Private,2009-08-15,day,2022-08-04,639.0,3.0,"2,477,421","2,207,088",68.57%,"1,544",157.76%,1.35,-13.17%,83.53%,"35,214",0.40%,"-16,943",-32.48%,71.0,4.0,40.0,500000.0,2010-09-16,1.0,397
1,Knowlarity Communications,"Made Acquisitions, Was Acquired",Private,2009-08-17,day,2016-11-23,26.0,2.0,"140,495","280,361.50",-4.14%,"5,314",319.75%,5.27,103.34%,42.40%,"315,800",-1.03%,"15,327",5.10%,88.0,0.0,33.0,500000.0,2011-01-01,2.0,502
1,Grene Robotics,Made Acquisitions,Private,2009-12-22,day,2022-12-01,9.0,2.0,442,"1,572.17",-66.10%,"3,134",980.69%,2.01,-37.04%,49.55%,"6,511,495",245.54%,"1,851,237",39.72%,34.0,8.0,14.0,530000.0,2017-08-05,1.0,2783
0,Univariety,,Private,2009-05-20,day,2020-03-21,9.0,2.0,"10,205","23,851.67",-69.40%,989,10.38%,5.59,95.34%,54.53%,"1,860,892",-38.53%,"926,635",99.18%,70.0,2.0,34.0,105000.0,2016-04-07,1.0,2514
0,KiwiQA Services,,Private,2009-05-05,day,2014-09-10,2.0,1.0,"2,493","3,100.83",17.87%,0,-51.71%,1.0,-11.06%,100%,"3,588,618",14.19%,"-225,328",-5.91%,53.0,0.0,33.0,50000.0,2014-09-10,1.0,1954
0,Datacipher,,Private,2009-01-15,day,2015-01-01,15.0,1.0,113,843.5,-39.57%,14,-77.38%,2.0,100%,0%,"8,407,726",88.04%,"642,913",8.28%,43.0,0.0,13.0,1000000.0,2015-01-01,1.0,2177
1,Inshorts,Made Acquisitions,Private,2013-04-01,day,2021-07-15,49.0,3.0,"3,134,576","3,753,180.83",-6.20%,226,-69.08%,1.27,15.77%,82.65%,"29,215",-15.29%,"2,620",9.85%,9.0,0.0,22.0,20000.0,2013-09-01,1.0,153
1,Toppr,"Made Acquisitions, Was Acquired",Private,2013-02-04,day,2020-07-29,73.0,2.0,"122,501,936","92,685,970.50",24.97%,"1,759",-3.72%,3.15,18.14%,49.10%,915,-12.42%,-137,-13.02%,79.0,17.0,34.0,2000000.0,2014-05-24,2.0,474
1,AgroStar,Made Acquisitions,Private,2013-03-10,day,2021-10-07,25.0,2.0,"17,780","18,977",-5.94%,38,15.15%,1.28,2.48%,77.04%,"917,589",-5.36%,"2,309",0.25%,55.0,2.0,0.0,733944.0,2013-04-01,2.0,22
1,blinkit,"Made Acquisitions, Was Acquired",Private,2013-12-27,day,2022-03-15,538.0,2.0,"4,403,509","4,493,677.67",-20.32%,418,-50.71%,1.54,-6.66%,75.47%,"21,858",6.46%,"4,551",26.30%,67.0,18.0,1.0,500000.0,2014-12-08,1.0,346
1,Testbook.com,Was Acquired,Private,2013-04-01,month,2022-09-13,7.0,5.0,"37,337,895","34,211,995.50",4.32%,"1,124",-8.69%,2.62,-9.73%,63.56%,"3,129",5.30%,155,5.21%,81.0,2.0,65.0,250000.0,2014-10-29,5.0,576
0,NewsBytes,,Private,2013-02-27,day,2020-04-27,7.0,3.0,"847,805","896,246.67",-21.52%,"1,241",332.40%,1.2,3.87%,90.73%,"81,816",7.33%,"15,448",23.28%,66.0,2.0,25.0,1000000.0,2018-09-19,3.0,2030
0,CrelioHealth ( formerly LiveHealth ),,Private,2013-10-21,day,2018-03-05,3.0,3.0,"894,922","239,337.33",446.51%,893,-36.71%,1.15,-46.85%,87.55%,"78,582",65.66%,"-197,660",-71.55%,37.0,40.0,14.0,1100000.0,2018-03-05,1.0,1596
1,Payswiff,"Made Acquisitions, Was Acquired",Private,2013-09-01,day,2017-11-30,5.0,5.0,"5,556","6,351.33",-6.23%,236,-41.87%,2.69,54.34%,17.39%,"2,567,023",-64.78%,"68,397",2.74%,18.0,10.0,13.0,2500000.0,2015-12-10,2.0,830
0,GreedyGame,,Private,2013-10-25,day,2019-03-01,18.0,2.0,"6,777","31,390.67",-75.67%,139,-82.80%,1.42,-13.42%,83.77%,"2,366,309",29.57%,"1,311,872",124.41%,78.0,20.0,27.0,20000.0,2014-09-15,1.0,325
0,Unocoin,,Private,2013-12-01,day,2020-10-08,106.0,4.0,"10,559","27,046",23.54%,"1,407",-7.01%,2.03,-25.12%,47.13%,"1,832,148",-15.13%,"-209,685",-10.27%,38.0,0.0,35.0,1500000.0,2016-09-30,8.0,1034
0,Clientjoy,,Private,2013-11-26,day,2020-11-09,22.0,4.0,"23,477","17,999",103.04%,953,36.14%,1.49,-11.61%,80.41%,"1,169,189",7.08%,"-580,001",-33.16%,57.0,5.0,34.0,100000.0,2015-10-12,2.0,685
0,Arya.ai,,Private,2013-10-20,day,2015-12-23,7.0,2.0,"16,666","6,659.17",844.78%,271,1078.26%,2.67,101.87%,46.14%,"1,408,339",-41.36%,"-2,816,959",-66.67%,45.0,0.0,16.0,750000.0,2015-12-23,2.0,794
0,Kopykitab.com,,Private,2013-06-15,day,2015-12-01,2.0,2.0,"1,764,509","1,075,770",131.19%,438,12.60%,1.55,-15.51%,65.59%,"46,413",-7.19%,"-40,342",-46.50%,56.0,73.0,24.0,178177.0,2015-12-01,3.0,899
0,Credihealth,,Private,2013-10-10,day,2017-04-17,9.0,3.0,"388,787","499,326.50",-15.13%,384,-10.90%,1.24,-8.53%,88.66%,"146,888",5.02%,"19,265",15.10%,49.0,2.0,18.0,1500000.0,2017-04-17,3.0,1285
0,Fracktal works,,Private,2013-07-26,day,2017-12-12,0,2.0,"2,445","2,061.83",96.23%,61,-48.74%,1.39,-53.57%,60.70%,"3,619,004",21.40%,"-1,117,416",-23.59%,57.0,0.0,17.0,500000.0,2017-12-12,1.0,1600
1,LetsVenture,Was Acquired,Private,2013-09-13,day,2019-07-01,170.0,2.0,"31,922","19,271.83",144.76%,634,26.29%,2.0,-56.60%,72.87%,"963,673",196.58%,"-685,564",-41.57%,69.0,4.0,59.0,650000.0,2014-05-13,4.0,242
0,Scanova,,Private,2013-09-02,day,2015-02-15,0,3.0,"307,701","141,549",199.52%,325,-50.46%,1.8,-0.52%,52.06%,"175,092",-12.59%,"-218,731",-55.54%,63.0,1.0,30.0,33000.0,2015-02-15,1.0,531
1,LabInApp,Was Acquired,Private,2013-09-02,day,2015-06-24,0,4.0,"8,891","6,166.33",905.77%,0,-43.68%,1.0,-51.40%,100%,"1,993,985",73.34%,"-3,397,692",-63.02%,40.0,9.0,10.0,100000.0,2015-06-24,4.0,660
0,TrackSo,,Private,2013-03-31,day,2017-12-26,0,3.0,"2,314","5,845.33",-34.71%,71,-95.79%,1.51,-58.40%,58.30%,"3,679,414",23.57%,"514,026",16.24%,3.0,0.0,0.0,31231.0,2017-12-26,2.0,1731
0,Hir Infotech Data Mining Solution,,Private,2013-11-27,day,2017-11-27,0,2.0,461,"1,594",146.52%,5,-98.84%,1.05,-47.61%,95.23%,"6,473,271",100.03%,"-1,269,804",-16.40%,6.0,0.0,11.0,100000.0,2017-11-27,1.0,1461
0,ParentCircle,,Private,2013-08-01,day,2014-03-28,0,1.0,"244,897","172,777.17",25.14%,839,-11.40%,1.02,-5.02%,99.29%,"207,642",6.64%,"-33,660",-13.95%,56.0,1.0,0.0,1500000.0,2014-03-28,1.0,239
0,Mintbook,,Private,2013-12-30,day,2019-09-12,0,2.0,530,"2,041",-73.39%,0,-96.57%,1.0,-11.35%,100%,"6,303,284",11.41%,"2,405,420",61.71%,5.0,2.0,0.0,704.0,2019-09-12,1.0,2082
1,sumHR,Was Acquired,Private,2013-01-17,day,2018-11-01,3.0,1.0,"15,741","18,557.67",0.58%,843,-7.67%,1.79,57.12%,78.20%,"1,471,625",-11.89%,"13,125",0.90%,13.0,3.0,51.0,500000.0,2018-11-01,5.0,2114
0,SecurityEscape,,Private,2013-09-24,day,2015-05-10,0,2.0,"1,803","24,845.67",-98.55%,0,79.31%,1.0,0%,100%,"4,159,097",0%,"3,820,598",1128.69%,9.0,0.0,18.0,150000.0,2015-05-10,1.0,593
0,Interakt.co,,Private,2013-09-05,day,2018-02-01,1.0,1.0,"1,376","1,449.83",-34.94%,0,-16.67%,1.0,-8.12%,100%,"4,660,640",9.70%,"846,870",22.21%,28.0,0.0,35.0,500000.0,2018-02-01,1.0,1610
0,Corefactors,,Private,2013-02-21,day,2019-02-09,1.0,2.0,"8,430","18,115.83",-48.54%,"1,514",10.92%,1.4,-5.85%,67.63%,"2,052,677",-11.47%,"632,861",44.57%,29.0,2.0,23.0,500000.0,2019-02-09,4.0,2179
0,Focaloid Technologies,,Private,2013-01-10,day,2013-01-30,0,3.0,575,"1,221.67",-37.90%,16,-92.64%,1.29,28.70%,71.30%,"6,252,994",-28.70%,"986,022",18.72%,23.0,4.0,26.0,9365.0,2013-01-30,1.0,20
1,ixigo,Made Acquisitions,Private,2006-06-03,day,2021-10-20,107.0,3.0,"10,918,436","8,831,919.83",26.04%,741,35.47%,1.86,10.17%,71.51%,"10,047",6.68%,"-1,552",-13.38%,78.0,16.0,55.0,500000.0,2008-02-01,1.0,608
1,Logicserve Digital,Made Acquisitions,Private,2006-01-01,year,2022-10-04,2.0,2.0,"136,755","39,959",126.02%,2,-97.50%,1.49,41.24%,51.10%,"322,003",-47.12%,"-262,289",-44.89%,4.0,0.0,18.0,500000.0,2015-06-16,2.0,3453
1,Atyati technologies,Was Acquired,Private,2006-01-01,year,2008-08-01,0,1.0,"3,122","2,983",51.85%,60,-36.17%,2.5,12.90%,45.32%,"3,289,811",15.03%,"-557,065",-14.48%,7.0,0.0,11.0,2500000.0,2008-08-01,1.0,943
0,Tutorials Point,,Private,2006-01-01,day,2006-11-08,0,1.0,"22,311,019","30,383,881.67",-10.44%,941,3.07%,1.6,0.92%,82.83%,"5,222",2.31%,952,22.30%,18.0,35.0,24.0,500000.0,2006-11-08,1.0,311
1,Shipsy,Made Acquisitions,Private,2015-06-12,day,2022-02-22,34.0,3.0,"518,453","218,948.33",121.52%,526,-49.03%,1.7,-6.13%,51.18%,"118,480",53.65%,"-92,476",-43.84%,50.0,3.0,14.0,697982.0,2019-11-15,1.0,1617
1,Cashfree Payments,Made Acquisitions,Private,2015-07-01,month,2021-06-07,105.0,2.0,"18,741,852","18,284,311.33",-13.37%,188,18.99%,1.84,-29.09%,41.36%,"6,181",48.72%,"1,258",25.55%,78.0,2.0,30.0,120000.0,2017-08-21,3.0,782
0,Quickwork,,Private,2015-10-19,day,2023-11-08,2.0,4.0,603,"10,569.50",-82.93%,45,95.65%,1.27,12.32%,72.64%,"6,218,592",-20.96%,"3,050,868",96.31%,66.0,1.0,13.0,2000000.0,2019-07-01,1.0,1351
0,Freshtohome,,Private,2015-08-01,day,2023-02-06,56.0,1.0,"604,828","1,071,551.67",-43.13%,62,-91.47%,1.68,4.61%,61.23%,"105,468",-21.48%,"38,314",57.05%,44.0,2.0,0.0,500000.0,2016-09-01,1.0,397
0,Zolo,,Private,2015-06-03,day,2020-07-07,42.0,4.0,"100,536","649,474.67",-86.88%,465,36.36%,1.57,24.17%,77.41%,"407,124",-1.41%,"320,609",370.58%,65.0,7.0,26.0,500000.0,2016-08-29,1.0,453
0,Pratilipi,,Private,2015-03-12,day,2021-07-14,34.0,6.0,"560,500","804,956.50",-34.71%,981,115.60%,1.86,31.01%,55.81%,"111,702",-31.85%,"32,442",40.93%,22.0,5.0,13.0,925000.0,2016-06-28,1.0,474
1,Milkbasket,"Made Acquisitions, Was Acquired",Private,2015-03-01,day,2020-06-20,49.0,4.0,"16,683","90,989.33",-86.46%,"2,224",714.65%,7.49,622.93%,38.21%,"1,407,586",-61.22%,"1,065,719",311.73%,68.0,2.0,12.0,3000000.0,2018-01-23,1.0,1059
1,UrbanPiper,Made Acquisitions,Private,2015-04-01,day,2022-04-17,19.0,3.0,"105,897","119,826.33",-53.16%,"4,281",-27.40%,3.94,-13.44%,47.10%,"390,432",-4.91%,"173,967",80.37%,85.0,16.0,63.0,459209.0,2018-03-22,2.0,1086
1,CollegeDekho,Made Acquisitions,Private,2015-04-01,month,2022-12-21,23.0,1.0,"1,293,111","4,909,287.50",-34.07%,790,-35.14%,1.44,-18.28%,81.17%,"59,092",7.94%,"17,764",42.98%,35.0,4.0,28.0,2000000.0,2016-04-18,1.0,383
0,SigTuple,,Private,2015-07-24,day,2023-03-01,17.0,4.0,"2,815","4,812.83",-12.11%,25,-44.44%,1.08,-29.43%,92.08%,"3,409,021",95.58%,"136,330",4.17%,6.0,0.0,16.0,500000.0,2016-02-22,3.0,213
0,Rocketium,,Private,2015-04-01,day,2023-08-24,19.0,2.0,"23,209","40,285.67",-81.74%,455,-2.15%,1.47,37.10%,71.28%,"1,176,777",-26.92%,"843,042",252.61%,117.0,6.0,60.0,700000.0,2019-05-27,3.0,1517
0,ftcash,,Private,2015-06-01,month,2019-05-02,5.0,3.0,"271,856","107,127",416.43%,200,-80.56%,1.5,-33.38%,74.80%,"191,792",153.82%,"-455,059",-70.35%,27.0,3.0,10.0,500000.0,2017-06-06,2.0,736
0,Lendbox,,Private,2015-10-05,day,2021-03-07,4.0,4.0,"194,466","91,735.83",-9.93%,488,347.71%,1.1,-5.13%,96.59%,"247,879",10.91%,"23,593",10.52%,45.0,6.0,22.0,847218.0,2018-11-26,1.0,1148
0,ePaylater,,Private,2015-12-15,day,2021-09-20,17.0,5.0,"201,519","68,700.83",74.49%,40,344.44%,1.01,-33.07%,99.41%,"241,008",98.62%,"-117,828",-32.84%,30.0,7.0,28.0,500000.0,2019-01-11,2.0,1123
0,Ugaoo,,Private,2015-12-15,day,2022-06-23,3.0,1.0,"251,012","441,972",-38.48%,431,229.01%,1.79,-14.84%,82.58%,"203,924",59.73%,"64,837",46.62%,4.0,1.0,27.0,447726.0,2016-09-20,1.0,280
0,Wishup.co,,Private,2015-07-03,day,2021-08-16,8.0,2.0,"111,125","181,181.83",-54.48%,336,-54.96%,4.84,46.41%,19.74%,"377,429",-68.92%,"172,767",84.42%,56.0,5.0,30.0,500000.0,2018-08-08,3.0,1132
0,Legistify,,Private,2015-12-16,day,2023-09-25,4.0,2.0,"13,654","3,365.67",495.46%,"2,020",1736.36%,5.05,366.86%,33.71%,"1,601,366",-63.29%,"-2,120,726",-56.98%,10.0,0.0,27.0,500000.0,2018-01-01,1.0,747
1,Zwayam,Was Acquired,Private,2015-05-15,day,2021-11-22,2.0,4.0,"148,262","39,358",1489.26%,109,-77.57%,1.04,-75.51%,99.11%,"304,112",310.05%,"-1,656,142",-84.49%,57.0,2.0,18.0,250000.0,2016-05-03,1.0,354
0,Pariksha,,Private,2015-06-03,day,2021-02-17,72.0,4.0,"2,833","80,382.67",-37.56%,977,14.81%,1.16,-31.72%,84.40%,"3,405,274",-4.58%,"593,939",21.13%,60.0,6.0,9.0,985078.0,2019-07-23,5.0,1511
0,Planys Technologies,,Private,2015-06-11,day,2021-11-16,9.0,5.0,250,"2,120.67",-79.94%,178,1269.23%,3.0,100%,0%,"7,514,376",0%,"2,775,083",58.55%,30.0,0.0,17.0,2208794.0,2018-01-02,3.0,936
0,ExtraaEdge,,Private,2015-12-01,day,2021-03-21,7.0,2.0,"64,845","137,369.17",-57.27%,383,-71.05%,1.5,4.23%,57.71%,"567,128",-24.91%,"275,049",94.17%,134.0,9.0,27.0,125000.0,2017-12-01,1.0,731
1,FITSO,Was Acquired,Private,2015-06-01,day,2020-02-02,8.0,3.0,"3,025","19,544",-60.74%,75,-46.04%,1.47,0.42%,68.10%,"3,329,872",-2.55%,"1,137,800",51.91%,25.0,7.0,36.0,1500000.0,2019-09-09,5.0,1561
1,Doxper,Was Acquired,Private,2015-03-27,day,2019-08-14,5.0,3.0,"6,593","16,200.67",515.02%,215,102.83%,1.4,-27.25%,62.92%,"2,388,410",157.45%,"-2,578,217",-51.91%,49.0,2.0,0.0,1104801.0,2018-03-22,4.0,1091
0,Text Mercato,,Private,2015-01-09,day,2022-06-06,4.0,2.0,"2,887","6,577",208.77%,22,-95.54%,1.33,-39.41%,66.71%,"3,377,520",233.55%,"-1,880,905",-35.77%,26.0,0.0,0.0,370000.0,2019-01-01,5.0,1453
1,Servify,Made Acquisitions,Private,2015-11-01,month,2023-04-26,39.0,1.0,"309,388","203,755.50",187.95%,"2,117",475.27%,5.34,126.40%,51.24%,"174,288",-9.13%,"-207,340",-54.33%,31.0,72.0,21.0,500000.0,2016-04-05,1.0,156
0,Lavelle Networks,,Private,2015-03-01,month,2023-07-12,14.0,3.0,671,"2,723.83",-74.01%,0,0%,1.0,-63.30%,100%,"6,075,804",68.32%,"2,529,100",71.31%,13.0,1.0,24.0,600000.0,2017-03-10,2.0,740
0,Typeset,,Private,2015-08-20,day,2017-09-18,9.0,2.0,"2,532,912","1,692,217.50",20.84%,"1,045",-1.32%,2.14,14.10%,62.26%,"34,584",-8.84%,"-4,551",-11.63%,71.0,0.0,50.0,850000.0,2017-09-18,1.0,760
0,Quicko,,Private,2015-03-19,day,2019-12-30,4.0,1.0,"541,639","1,045,828.50",10.46%,302,37.90%,1.19,-6.80%,89.76%,"114,520",3.96%,"-6,739",-5.56%,79.0,2.0,33.0,300000.0,2019-12-30,1.0,1747
0,Wholesalebox,,Private,2015-09-01,day,2018-08-21,2.0,4.0,"146,010","64,962.17",993.87%,834,177.08%,1.13,-46.16%,95.07%,"307,385",101.04%,"-1,321,731",-81.13%,19.0,7.0,13.0,1400000.0,2016-11-27,3.0,453
0,RedCarpetUp.com,,Private,2015-05-01,month,2019-03-27,1.0,3.0,22,"2,769.50",-98.46%,0,-97.26%,1.0,-36.11%,100%,"8,714,612",129.99%,"4,205,709",93.28%,25.0,5.0,33.0,2500000.0,2017-02-28,1.0,669
0,Kissht,,Private,2015-07-13,day,2022-06-08,34.0,3.0,"659,727","368,078",129.92%,38,-98.05%,1.14,-29.11%,85.59%,"98,754",9.84%,"-82,398",-45.49%,43.0,12.0,18.0,500000.0,2017-01-05,1.0,542
1,DoSelect,Was Acquired,Private,2015-03-01,month,2021-11-22,6.0,3.0,"266,559","149,934.33",63.73%,705,-61.71%,2.33,-40.59%,59.51%,"194,878",4.31%,"-82,516",-29.75%,36.0,0.0,35.0,500000.0,2016-01-22,1.0,327
0,vPhrase,,Private,2015-04-16,day,2019-08-21,3.0,1.0,"2,226","2,103.67",37.32%,46,-68.92%,1.4,-12.92%,59.84%,"3,743,504",-13.92%,"-556,415",-12.94%,84.0,0.0,0.0,500000.0,2016-03-08,3.0,327
0,Apxor,,Private,2015-04-06,day,2020-03-27,0,2.0,"59,214","31,908.17",115.45%,"2,357",-22.62%,7.09,-55.04%,62.68%,"605,774",162.92%,"-455,740",-42.93%,54.0,0.0,25.0,144000.0,2019-06-14,1.0,1530
0,Smartcoin,,Private,2015-11-23,day,2022-02-19,2.0,3.0,"82,705","102,854.17",-31.04%,95,-56.82%,1.81,-28.62%,42.86%,"468,582",52.42%,"119,723",34.32%,11.0,1.0,17.0,1000.0,2018-03-28,1.0,856
0,IndieFolio,,Private,2015-01-31,day,2016-05-03,0,1.0,"8,625","9,164.67",67.96%,354,-41.39%,2.53,19.74%,29.94%,"2,027,892",-52.03%,"-665,301",-24.70%,113.0,0.0,42.0,500000.0,2015-03-15,1.0,43
1,Mr.Milkman,Was Acquired,Private,2015-09-15,day,2016-10-29,8.0,2.0,"1,627","2,476",128.51%,615,640.96%,1.96,-28.35%,86.29%,"4,397,908",61535.71%,"-1,434,219",-24.59%,15.0,0.0,12.0,150000.0,2015-09-15,1.0,0
0,BuildNext,,Private,2015-10-16,day,2022-07-07,43.0,2.0,"22,331","93,021",-73.15%,258,-57.14%,1.07,-36.90%,95.68%,"1,199,472",208.25%,"739,494",160.77%,75.0,1.0,0.0,30000.0,2017-01-01,1.0,443
0,Oizom,,Private,2015-09-01,day,2022-05-17,4.0,3.0,"4,354","4,467.67",163.08%,119,-50.50%,1.15,15.09%,94.97%,"2,919,412",-5.03%,"-1,351,649",-31.65%,82.0,2.0,20.0,500000.0,2019-01-28,1.0,1245
1,TAX2WIN,Was Acquired,Private,2015-02-01,month,2016-07-19,1.0,2.0,"1,324,624","1,128,440.17",177.17%,140,-76.86%,1.14,-28.79%,91.45%,"57,986",2.52%,"-65,625",-53.09%,28.0,0.0,29.0,1000000.0,2016-07-19,1.0,534
0,TAARAKA,,Private,2015-10-07,day,2018-12-25,10.0,1.0,"137,327","39,317.33",193.72%,192,137.04%,1.55,-53.11%,50.16%,"321,015",211.36%,"-383,278",-54.42%,29.0,0.0,16.0,1000000.0,2018-12-25,1.0,1175
0,Matrubharti,,Private,2015-02-11,day,2019-04-01,9.0,2.0,"610,282","430,119.17",42.39%,994,1016.85%,2.4,12.19%,51.59%,"104,768",21.53%,"-29,377",-21.90%,48.0,8.0,19.0,30000.0,2016-06-13,1.0,488
0,Shapecrunch,,Private,2015-05-25,day,2016-04-10,3.0,5.0,236,"2,115.83",-70.86%,0,65.46%,1.0,0%,100%,"7,583,977",0%,"2,092,354",38.10%,21.0,3.0,20.0,150000.0,2016-04-10,1.0,321
0,BuyTestSeries.com,,Private,2015-10-15,day,2018-04-10,2.0,4.0,"44,365","12,971.67",833.41%,338,-43.67%,1.24,-19%,96.26%,"749,617",30.50%,"-2,016,816",-72.90%,4.0,0.0,11.0,154000.0,2018-04-10,1.0,908
0,LexComply,,Private,2015-02-10,day,2016-12-23,0,3.0,"4,379","14,029.67",-92.69%,516,-10.10%,2.19,101.61%,66.11%,"2,911,657",-32.55%,"2,322,042",393.82%,29.0,0.0,15.0,7370.0,2016-12-23,1.0,682
0,Dittoapp,,Private,2015-02-15,day,2017-11-05,1.0,1.0,742,"18,627.17",-96.05%,0,9.19%,1.0,0%,100%,"5,916,509",0%,"4,606,328",351.58%,38.0,3.0,15.0,100000.0,2016-06-27,1.0,498
0,Mutterfly,,Private,2015-09-02,day,2019-01-01,7.0,1.0,"2,512","5,449.17",-51.45%,223,55.94%,2.75,115.38%,73.65%,"3,581,086",1.87%,"893,066",33.22%,87.0,3.0,31.0,500000.0,2019-01-01,1.0,1217
0,Afinoz Digitalizing Finance,,Private,2015-10-15,day,2019-12-13,0,3.0,"2,369","5,180.17",15.22%,0,13200%,1.0,0%,100%,"3,655,285",0%,"-191,246",-4.97%,11.0,3.0,14.0,500000.0,2019-12-13,1.0,1520
0,AutoWiz,,Private,2015-07-01,month,2016-03-10,0,1.0,"5,642","2,174.83",352.81%,"2,172",126.01%,6.02,201.20%,38.53%,"2,555,084",-50%,"-2,187,358",-46.12%,20.0,3.0,15.0,500000.0,2016-03-10,1.0,253
0,Leverage Edu,,Private,2017-04-01,month,2023-07-03,66.0,1.0,"4,374,734","7,010,009.50",-26.25%,476,-62.75%,1.32,9.99%,83.89%,"21,987",-4.22%,"5,726",35.21%,90.0,5.0,22.0,500000.0,2017-11-06,7.0,219
0,Zypp Electric,,Private,2017-08-08,day,2023-02-08,41.0,3.0,"73,180","33,543",97.59%,146,-33.64%,1.15,-41.02%,94.21%,"518,159",484.43%,"-324,893",-38.54%,2.0,4.0,9.0,2000000.0,2019-11-14,3.0,828
0,fleetx.io,,Private,2017-07-01,month,2022-02-22,6.0,5.0,"267,793","190,788.67",65.63%,"1,744",-33.81%,3.19,-30.37%,56.11%,"194,239",-6.69%,"-84,520",-30.32%,48.0,5.0,17.0,750000.0,2019-01-01,1.0,549
0,OkCredit,,Private,2017-04-01,month,2021-08-17,30.0,3.0,"2,922,376","2,421,288.50",-19.85%,439,-40.60%,1.33,-8.92%,80.61%,"30,964",11.68%,"6,312",25.60%,95.0,0.0,9.0,1700000.0,2018-08-22,4.0,508
1,PhableCare,Made Acquisitions,Private,2017-10-10,day,2022-04-11,11.0,3.0,878,"53,969.50",-96.30%,0,-92.86%,1.0,0%,100%,"5,576,489",0%,"4,432,009",387.25%,55.0,3.0,17.0,220000.0,2019-09-01,3.0,691
0,Headfone,,Private,2017-10-01,month,2022-04-19,5.0,2.0,"214,283","408,961.67",116.37%,293,-52.28%,3.6,70.17%,53.98%,"229,587",-15.34%,"-174,646",-43.20%,21.0,0.0,6.0,500000.0,2019-07-09,1.0,646
0,Offee,,Private,2017-07-04,day,2023-11-08,0,1.0,742,"2,740.83",-57.50%,71,-93.49%,2.0,21.76%,0%,"5,915,342",7.32%,"1,680,976",39.70%,18.0,3.0,16.0,71908.0,2019-01-05,1.0,550
1,Shiprocket,Made Acquisitions,Private,2017-01-26,day,2023-10-09,100.0,4.0,"7,221,608","5,575,550",4.55%,"1,246",23.12%,2.24,2.70%,61.70%,"14,356",-5.89%,132,0.93%,102.0,2.0,34.0,250000.0,2013-07-01,2.0,-1305
0,CoinSwitch,,Private,2017-06-14,day,2021-10-06,101.0,3.0,"262,114","247,862.17",51.99%,"1,726",47.40%,1.62,-18.43%,84.97%,"197,387",10.06%,"-68,251",-25.69%,63.0,1.0,10.0,1500000.0,2018-03-24,1.0,283
0,TranZact,,Private,2017-06-01,day,2021-12-16,1.0,3.0,"167,295","118,613.67",0.47%,"3,673",9.90%,5.16,16.75%,56.51%,"276,424",-2.23%,"3,427",1.26%,53.0,4.0,26.0,1000000.0,2017-07-01,1.0,30
0,Wobot Intelligence,,Private,2017-12-29,day,2020-08-04,1.0,3.0,"2,326","4,518",40.63%,"1,831",7.39%,1.05,-0.63%,95.40%,"3,675,900",0.70%,"-595,547",-13.94%,54.0,3.0,28.0,500000.0,2018-04-09,1.0,101
0,Bookingjini,,Private,2017-01-06,day,2021-10-21,5.0,4.0,"94,834","88,307.67",136.97%,678,85.75%,1.35,-2.44%,77.38%,"424,538",8.30%,"-366,383",-46.32%,38.0,6.0,28.0,417884.0,2019-11-12,2.0,1040
0,PerspectAI,,Private,2017-10-01,month,2022-03-28,13.0,6.0,"105,281","24,827.33",618.79%,"2,577",-14.04%,1.81,-51.77%,77.24%,"392,201",146.38%,"-1,163,865",-74.80%,7.0,0.0,15.0,324745.0,2019-10-05,2.0,734
0,Onco.com,,Private,2017-07-05,day,2019-09-26,0,2.0,"7,117","44,187.50",-94.31%,27,-98.37%,1.17,15.71%,83.36%,"2,314,643",-16.31%,"1,976,893",585.31%,60.0,3.0,25.0,1500000.0,2018-04-23,1.0,292
1,GigIndia,Was Acquired,Private,2017-01-05,day,2020-07-10,11.0,2.0,786,"9,983.50",-63.34%,8,-98.36%,1.03,-44.40%,97.20%,"5,790,678",135.47%,"1,989,750",52.35%,16.0,2.0,13.0,500000.0,2017-12-26,1.0,355
0,Yes Madam,,Private,2017-03-01,day,2018-04-04,4.0,2.0,"46,909","87,692.50",-63.62%,"2,109",5043.90%,1.28,-16.59%,81.68%,"719,565",51.06%,"389,348",117.91%,30.0,1.0,19.0,100000.0,2018-04-04,1.0,399
0,Nojoto,,Private,2017-04-06,day,2018-12-01,1.0,4.0,"782,222","1,560,800.33",8.81%,61,-51.97%,1.65,17.31%,53.64%,"86,851",-34.25%,"-3,974",-4.38%,13.0,1.0,27.0,570000.0,2018-12-01,1.0,604
1,Cogno AI,Was Acquired,Private,2017-04-21,day,2017-06-01,2.0,2.0,"1,998","3,888.67",-15.45%,6,-92.41%,1.37,-46.69%,62.86%,"4,007,686",19.21%,"317,798",8.61%,33.0,0.0,13.0,3500.0,2017-06-01,1.0,41
0,Kenyt Technologies Pvt Ltd,,Private,2017-06-10,day,2020-05-14,2.0,2.0,"108,012","102,034",-30.69%,33,-10.81%,1.55,3.33%,49.94%,"384,877",-0.42%,"98,629",34.46%,10.0,2.0,27.0,250000.0,2018-06-22,2.0,377
0,Param.ai,,Private,2017-09-01,month,2019-03-01,1.0,2.0,"546,390","916,744.17",-22.79%,518,-6.50%,1.24,6.65%,83.50%,"113,823",-9.75%,"21,897",23.82%,42.0,1.0,22.0,138000.0,2019-03-01,6.0,546
0,SmartReach.io,,Private,2017-12-04,day,2018-04-09,0,2.0,"9,458","34,633.33",-28.65%,976,258.82%,2.96,58.06%,42.09%,"1,937,989",-28.31%,"304,277",18.62%,107.0,0.0,23.0,70000.0,2018-04-09,1.0,126
0,LotusPay,,Private,2017-06-01,day,2017-12-01,0,1.0,"1,671,819","974,955.33",245.81%,140,-61.11%,1.5,-4.02%,68.70%,"48,333",21.64%,"-74,227",-60.56%,57.0,1.0,26.0,500000.0,2017-12-01,1.0,183
0,Enveu,,Private,2017-05-21,day,2017-10-16,1.0,1.0,"1,181","1,352.17",118000%,120,500%,1.63,-18.58%,37.17%,"4,911,446",3034.80%,"-3,685,060",-42.87%,99.0,0.0,0.0,70000.0,2017-10-16,1.0,148
0,Jiyyo,,Private,2017-10-01,day,2021-03-10,1.0,3.0,"22,319","70,842.83",-88.27%,"5,061",17.34%,3.91,76.88%,69.94%,"1,199,749",-16.16%,"953,428",387.07%,36.0,3.0,0.0,250000.0,2017-10-05,1.0,4
0,SaasAnt,,Private,2017-09-01,day,2018-01-12,1.0,1.0,"101,745","111,216.33",-31.47%,345,-65.50%,2.15,10.29%,48.06%,"403,725",-16.81%,"106,602",35.88%,83.0,0.0,22.0,65000.0,2018-01-12,1.0,133
0,BhaiFi - 360 WiFi Solution,,Private,2017-12-06,day,2018-03-19,0,1.0,"55,253","37,290.67",75.47%,"1,389",5687.50%,2.06,-13.72%,23.64%,"633,902",-9.67%,"-334,961",-34.57%,11.0,0.0,15.0,60000.0,2018-03-19,1.0,103
0,Foaps,,Private,2017-05-16,day,2019-07-03,1.0,2.0,"71,460","17,343.67",1947.56%,74,76.19%,1.01,-14.26%,98.96%,"526,532",20.46%,"-2,652,346",-83.44%,42.0,3.0,0.0,32000.0,2019-07-03,1.0,778
0,IndigoLearn,,Private,2017-03-01,month,2019-01-18,1.0,4.0,"38,669","47,940.50",5.92%,"1,669",11026.67%,2.08,20.96%,71.65%,"835,092",152.38%,"-21,735",-2.54%,50.0,2.0,0.0,150000.0,2018-04-05,2.0,400
0,JobsPikr,,Private,2017-05-24,day,2017-09-29,1.0,2.0,"2,506","1,570",2117.70%,108,96.47%,1.14,13.81%,93.10%,"3,583,420",-6.90%,"-4,607,085",-56.25%,58.0,0.0,28.0,70000.0,2017-09-29,1.0,128
0,CamCom,,Private,2017-09-07,day,2020-02-13,4.0,3.0,662,600.83,-46.91%,301,2910%,2.99,49.60%,0.15%,"6,091,154",-99.70%,"1,355,161",28.61%,34.0,0.0,0.0,500000.0,2019-05-13,1.0,613
0,Headway.ai,,Private,2017-08-16,day,2018-01-24,3.0,2.0,"119,878","233,264.33",-38.86%,929,-38.07%,1.16,-22.45%,87.84%,"355,198",19.95%,"114,196",47.38%,52.0,0.0,14.0,500000.0,2018-01-24,1.0,161
0,Reculta,,Private,2017-06-25,day,2020-11-01,0,4.0,"168,889","95,033.33",33%,"1,521",7.87%,1.78,-0.21%,66.34%,"274,562",0.20%,"-59,409",-17.79%,65.0,1.0,22.0,500000.0,2018-06-07,1.0,347
0,Khatabook,,Private,2018-01-01,year,2021-08-24,49.0,5.0,"2,880,563","2,404,399.67",-32.68%,543,-30.03%,1.19,-2.74%,87.21%,"31,337",1.51%,"9,810",45.57%,12.0,7.0,18.0,1500000.0,2019-04-19,1.0,473
0,Lokal,,Private,2018-01-01,year,2023-04-25,10.0,2.0,"2,110,617","1,783,869",60.78%,802,38.99%,1.23,-23.31%,92.40%,"40,206",12.35%,"-16,780",-29.45%,160.0,1.0,23.0,500000.0,2019-09-25,1.0,632
1,Mobile Premier League,Made Acquisitions,Private,2018-01-01,year,2021-09-15,44.0,3.0,"23,475,958","24,043,719.50",52.70%,703,3.08%,1.32,3.46%,82.19%,"4,928",1.77%,"-1,915",-27.98%,89.0,3.0,17.0,500000.0,2018-05-04,1.0,123
0,OTO Capital,,Private,2018-01-01,year,2022-08-12,13.0,3.0,"353,006","198,841.33",2221.19%,855,-0.35%,1.06,-63.57%,98.25%,"157,965",226.41%,"-1,359,937",-89.59%,47.0,1.0,11.0,1390169.0,2019-09-05,2.0,612
0,Mylo,,Private,2018-01-01,year,2022-04-20,0,1.0,"1,135,248","647,965.83",-7.38%,"2,082",222.29%,1.21,11.71%,91.83%,"65,384",-2.75%,"5,191",8.62%,33.0,1.0,12.0,750000.0,2018-11-01,1.0,304
1,WhiteHat Jr.,Was Acquired,Private,2018-01-01,year,2020-07-01,96.0,1.0,"74,645","150,798.50",-35.35%,"1,489",-15.69%,3.26,10.18%,41.04%,"511,554",-7.38%,"152,680",42.54%,36.0,2.0,29.0,1294388.0,2019-04-16,2.0,470
0,Instoried,,Private,2018-01-01,year,2022-04-07,18.0,2.0,"2,970","11,670.17",6.76%,53,20.45%,1.05,-14.03%,94.78%,"3,353,353",22.12%,"-111,943",-3.23%,39.0,0.0,16.0,500000.0,2019-08-19,2.0,595
1,Crio.Do,Was Acquired,Private,2018-01-01,year,2019-01-29,2.0,2.0,"533,119","582,900.67",-2.32%,"1,708",81.90%,3.95,33.89%,35.22%,"115,896",-22.70%,"4,144",3.71%,108.0,0.0,24.0,1000000.0,2019-01-29,3.0,393
0,CoinDCX,,Private,2018-01-01,year,2022-04-19,160.0,2.0,"462,122","522,536.17",20.84%,"1,316",8.22%,2.2,-3.71%,48.69%,"129,165",-1.04%,"-16,912",-11.58%,78.0,2.0,8.0,500000.0,2019-03-20,8.0,443
0,Zvolv,,Private,2018-01-01,year,2021-11-22,9.0,3.0,"3,477","6,437.50",30.47%,0,-60.96%,1.0,-16.59%,100%,"3,157,262",24.53%,"-358,847",-10.21%,33.0,0.0,9.0,500000.0,2018-12-12,3.0,345
1,Setu,Was Acquired,Private,2018-01-01,year,2020-04-15,22.0,1.0,"3,166,672","1,382,414.33",202.89%,"1,105",513.89%,1.63,-23.59%,85.87%,"28,969",30.54%,"-39,065",-57.42%,86.0,0.0,0.0,3549686.0,2019-04-11,2.0,465
0,Anthem,,Private,2018-01-01,year,2021-12-20,2.0,2.0,"5,671","14,646",-48.60%,"1,082",-19.49%,3.18,-3.14%,11.13%,"2,550,299",-27.02%,"742,975",41.11%,8.0,1.0,0.0,1700000.0,2019-06-19,1.0,534
0,Procol,,Private,2018-01-01,year,2022-09-13,5.0,2.0,"1,859","4,414.83",-36.73%,0,38.36%,1.0,0%,100%,"4,112,397",0%,"747,435",22.21%,29.0,3.0,3.0,1000000.0,2019-07-17,2.0,562
0,Subhe,,Private,2018-01-01,year,2018-01-22,0,1.0,"1,054","2,548.50",101.15%,661,1171.15%,4.3,22.74%,0%,"5,120,513",-44.19%,"-1,094,074",-17.60%,26.0,0.0,0.0,124733.0,2018-01-22,1.0,21
0,chatgen.ai,,Private,2018-01-01,year,2019-01-02,0,3.0,"4,252","5,539.67",67.27%,54,237.50%,1.35,15.46%,82.55%,"2,937,273",-9.86%,"-624,097",-17.52%,67.0,0.0,11.0,500000.0,2019-01-02,1.0,366
0,Leher App,,Private,2018-01-01,year,2021-07-01,12.0,2.0,"13,498","138,523.33",-93.31%,0,37.62%,1.0,-36.72%,100%,"1,610,710",53.49%,"1,374,709",582.50%,56.0,1.0,5.0,500000.0,2018-01-01,1.0,0
0,Charitism,,Private,2018-01-01,year,2019-08-09,0,2.0,"15,926","65,255.67",-74.08%,74,-95.87%,1.01,-52.45%,98.60%,"1,458,745",56.43%,"880,910",152.45%,11.0,1.0,0.0,500000.0,2019-08-09,1.0,585
1,Wingman,Was Acquired,Private,2018-01-01,year,2019-08-22,11.0,3.0,"7,034","27,416.17",1323.89%,285,-85.21%,1.33,32.85%,73.39%,"2,322,856",-26.61%,"-4,289,132",-64.87%,57.0,1.0,13.0,500000.0,2019-03-17,2.0,440
0,SportsCafe,,Private,2018-01-01,month,2018-02-01,0,5.0,"384,870","566,949.17",-20.10%,78,-91.44%,1.06,-2.61%,95.22%,"148,031",3.11%,"25,162",20.48%,4.0,4.0,28.0,500000.0,2018-02-01,1.0,31
0,UpCyclersLab,,Private,2018-01-01,year,2018-10-17,0,2.0,"98,070","121,222.33",1902.25%,7,600%,1.02,-33.62%,97.82%,"414,505",112.38%,"-2,322,894",-84.86%,49.0,0.0,0.0,500000.0,2018-10-17,1.0,289
0,ElasticRun,,Private,2016-01-01,year,2022-02-07,30.0,3.0,"5,740","6,719.83",119.34%,132,-35.29%,1.34,-16.03%,69.41%,"2,537,818",1.31%,"-994,171",-28.15%,37.0,1.0,9.0,2000000.0,2016-11-13,2.0,317
0,Doubtnut,,Private,2016-01-01,year,2023-04-12,17.0,3.0,"27,950,329","24,996,347.50",22.93%,"1,218",15.78%,1.72,2.33%,67.85%,"4,095",0.40%,-600,-12.78%,33.0,1.0,29.0,3300000.0,2019-04-23,5.0,1208
1,MyGate,Made Acquisitions,Private,2016-01-01,year,2022-11-23,45.0,3.0,"1,087,165","1,302,364.67",8.55%,974,180.69%,1.41,11.67%,80.97%,"67,650",-3.43%,"-2,671",-3.80%,65.0,4.0,17.0,2415271.0,2016-01-01,1.0,0
1,NirogStreet,Made Acquisitions,Private,2016-01-01,year,2022-10-10,17.0,2.0,"43,968","49,895",-13.70%,"1,348",314.77%,1.03,0.68%,98.99%,"753,796",0.43%,"93,227",14.11%,39.0,4.0,25.0,500000.0,2019-06-07,1.0,1253
0,Recykal,,Private,2016-01-01,year,2022-01-10,7.0,5.0,"6,500","7,912.50",76.82%,188,189.23%,1.95,68.97%,73.74%,"2,403,396",-17.91%,"-708,979",-22.78%,37.0,7.0,0.0,2000000.0,2019-06-03,2.0,1249
0,Entropik,,Private,2016-01-01,year,2023-02-08,11.0,3.0,"2,479","4,724.83",-42.51%,2,-88.24%,1.09,-4.63%,91%,"3,599,150",1.05%,"724,600",25.21%,59.0,0.0,9.0,1100000.0,2018-07-27,4.0,938
0,Play Shifu,,Private,2016-01-01,year,2021-10-18,16.0,2.0,"5,579","23,472.83",30.35%,35,-84.78%,1.23,-43.67%,78.69%,"2,563,746",33.01%,"-318,124",-11.04%,50.0,20.0,18.0,500000.0,2017-11-09,2.0,678
0,Increff,,Private,2016-01-01,year,2022-02-20,8.0,4.0,"32,276","76,475.17",-53.42%,"1,373",-45.99%,4.23,-16.94%,25.70%,"956,962",-0.81%,"426,293",80.33%,43.0,0.0,41.0,2000000.0,2016-12-20,5.0,354
0,Vahan,,Private,2016-01-01,year,2021-12-18,17.0,2.0,"91,944","45,691.67",281.87%,0,-56.52%,1.0,-3.88%,100%,"434,339",3.04%,"-700,245",-61.72%,98.0,1.0,15.0,500000.0,2019-10-07,7.0,1375
0,ZestIOT,,Private,2016-01-01,day,2023-05-03,2.0,1.0,377,987,-72.66%,16,1822.03%,1.88,88.33%,26.79%,"7,200,308",-73.21%,"2,615,180",57.04%,9.0,3.0,0.0,760000.0,2019-06-21,3.0,1267
0,Visit,,Private,2016-01-01,year,2021-10-11,11.0,4.0,"899,167","405,184.83",151.38%,"1,043",-46.59%,1.59,-16.53%,71.26%,"78,316",8.22%,"-75,336",-49.03%,79.0,2.0,21.0,500000.0,2016-05-27,1.0,147
1,ixamBee,Made Acquisitions,Private,2016-01-01,day,2023-05-09,5.0,1.0,"928,023","571,344.67",102%,"1,094",53.01%,3.38,65.64%,52.84%,"76,471",-25.46%,"-50,875",-39.95%,29.0,0.0,26.0,500000.0,2019-01-01,1.0,1096
0,Intello Labs,,Private,2016-01-01,year,2022-12-08,10.0,2.0,"1,616","1,401.50",82.60%,58,65.71%,1.55,-8.92%,86.20%,"4,409,314",191.22%,"-980,643",-18.19%,30.0,10.0,16.0,2000000.0,2019-04-02,2.0,1187
0,Khabri,,Private,2016-01-01,year,2021-08-04,5.0,3.0,223,"4,267.50",22200%,0,-99.72%,1.0,0%,100%,"7,636,225",0%,"-914,159",-10.69%,11.0,2.0,10.0,150000.0,2019-08-19,1.0,1326
0,Cleardekho,,Private,2016-01-01,year,2022-10-12,6.0,2.0,"26,329","22,461.17",14.79%,894,-40.28%,2.84,-53.45%,54.07%,"1,091,531",13.57%,"-81,413",-6.94%,7.0,0.0,30.0,500000.0,2018-09-04,2.0,977
0,Thinkerbell Labs,,Private,2016-01-01,year,2022-01-06,8.0,4.0,"1,181","2,051",29.35%,0,10.71%,1.0,-36.46%,100%,"4,911,201",40.25%,"-431,994",-8.08%,18.0,0.0,8.0,475927.0,2019-11-26,3.0,1425
1,Shortlist,Made Acquisitions,Private,2016-01-01,year,2019-01-28,116.0,2.0,"38,954","30,537",9.64%,439,-61.36%,2.28,-28.68%,46.05%,"827,675",10.17%,"-69,708",-7.77%,33.0,0.0,38.0,1000000.0,2017-09-19,6.0,627
0,Digio,,Private,2016-01-01,year,2023-01-12,3.0,2.0,"2,471,976","3,898,404.33",-31.25%,284,30.88%,1.96,22.02%,64.12%,"35,278",-4.84%,"10,302",41.25%,50.0,9.0,9.0,400000.0,2016-08-18,1.0,230
0,LockTheDeal,,Private,2016-01-01,year,2018-12-20,1.0,1.0,"2,095","3,594.83",-32.74%,308,-65.85%,2.28,-28.83%,89.36%,"3,963,386",48.93%,"666,771",20.23%,37.0,0.0,0.0,5000000.0,2017-02-01,1.0,397
0,Piggy,,Private,2016-01-01,year,2021-01-12,3.0,3.0,"6,248","6,303.67",59.18%,"1,356",1203.85%,2.79,19.71%,47.50%,"2,447,425",-25.19%,"-557,735",-18.56%,19.0,3.0,29.0,1000000.0,2017-08-21,3.0,598
0,Qandle,,Private,2016-01-01,year,2021-07-22,7.0,2.0,"190,095","182,085.50",47.08%,"1,678",14.70%,1.9,10.14%,53.97%,"252,400",-15.27%,"-77,303",-23.45%,77.0,5.0,24.0,1200000.0,2018-02-27,2.0,788
0,YourQuote,,Private,2016-01-01,year,2021-03-22,2.0,2.0,"472,542","508,561.50",-23.51%,13,-68.29%,1.61,-5.52%,48.69%,"127,029",-0.16%,"25,289",24.86%,57.0,1.0,15.0,1000000.0,2017-12-20,2.0,719
0,PinkBlue,,Private,2016-01-01,year,2018-02-12,1.0,3.0,"108,937","53,342.33",1644.67%,41,-21.15%,1.05,-39.03%,97.28%,"382,628",45.06%,"-2,047,932",-84.26%,7.0,1.0,28.0,800000.0,2018-02-12,3.0,773
0,Awign,,Private,2016-01-01,year,2022-08-25,7.0,3.0,"160,969","76,443.67",606.90%,"1,392",201.30%,2.94,11.02%,53.62%,"284,343",33.45%,"-893,713",-75.86%,55.0,3.0,30.0,782778.0,2018-01-18,2.0,748
0,Hyperhire,,Private,2016-01-01,year,2021-11-30,0,1.0,126,875.5,-94.70%,0,-95%,1.0,0%,100%,"8,353,618",0%,"4,684,396",127.67%,20.0,2.0,0.0,500000.0,2019-08-31,1.0,1338
0,Detect Technologies,,Private,2016-01-01,year,2022-07-14,18.0,4.0,661,"2,146.50",47.22%,6,10757.14%,1.34,33.74%,66.26%,"6,092,301",-33.74%,"-777,175",-11.31%,33.0,0.0,14.0,500000.0,2017-08-16,4.0,593
0,Onemoney,,Private,2016-01-01,year,2019-02-12,5.0,1.0,"103,083","89,892.83",11.76%,"1,942",63.19%,1.81,14.28%,71.17%,"398,706",19.92%,"-28,063",-6.58%,32.0,0.0,9.0,54900.0,2019-02-12,1.0,1138
0,Fincash.com,,Private,2016-01-01,year,2018-02-16,0,2.0,"327,582","762,680",-62.03%,387,207.14%,1.08,-19.24%,92.69%,"167,095",26.68%,"88,119",111.58%,27.0,1.0,0.0,150000.0,2018-02-16,2.0,777
0,Edyst,,Private,2016-01-01,year,2019-03-18,0,2.0,"5,908","14,526",89.60%,"2,571",217.02%,7.46,93.27%,31.25%,"2,516,878",28.65%,"-778,507",-23.62%,30.0,0.0,21.0,150000.0,2019-03-18,1.0,1172
0,Hipcouch,,Private,2016-01-01,year,2017-01-15,3.0,2.0,"11,379","38,637.83",-82.16%,687,-61.49%,1.75,66.96%,73.92%,"1,756,998",-24.76%,"1,196,120",213.26%,72.0,0.0,13.0,700000.0,2017-01-15,1.0,380
1,QACraft,Was Acquired,Private,2016-01-01,year,2017-01-18,0,2.0,"4,556","13,841",1398.68%,0,606.21%,1.0,0%,100%,"2,831,333",0%,"-4,377,216",-60.72%,27.0,0.0,0.0,100000.0,2017-01-18,1.0,383
0,Wifi Dabba,,Private,2016-01-01,year,2017-03-20,5.0,2.0,961,"2,456.50",83.40%,3,-75.88%,1.23,22.79%,77.21%,"5,269,923",-22.79%,"-940,477",-15.14%,38.0,0.0,8.0,500000.0,2017-03-20,5.0,444
0,MiStay,,Private,2016-01-01,year,2019-10-25,16.0,2.0,"101,649","119,450.17",12.38%,147,2.08%,1.3,-50.54%,88.13%,"403,971",1068.83%,"-29,231",-6.75%,36.0,0.0,16.0,500000.0,2019-10-25,1.0,1393
1,PropsAMC,Was Acquired,Private,2016-01-01,year,2017-08-31,0,2.0,567,737,-60.52%,0,-68.09%,1.0,0%,100%,"6,262,980",0%,"1,770,398",39.41%,24.0,1.0,12.0,500000.0,2017-08-31,1.0,608
0,Sixerclass,,Private,2016-01-01,year,2016-12-07,0,1.0,657,"3,534.67",-38.71%,0,-2.92%,1.0,-32.83%,100%,"6,097,058",32.35%,"1,130,329",22.76%,18.0,0.0,10.0,500000.0,2016-12-07,1.0,341
0,Talent Litmus,,Private,2016-01-01,year,2021-09-02,0,3.0,"20,034","19,134.17",-32.44%,"1,281",-39.12%,1.96,-1.23%,40.74%,"1,278,059",-29.73%,"254,761",24.90%,18.0,8.0,11.0,500000.0,2019-10-24,2.0,1392
0,Mojarto,,Private,2005-01-01,year,2016-08-06,0,2.0,"31,900","36,321.67",93.35%,166,876.47%,2.03,12.47%,72.63%,"964,021",67.12%,"-450,449",-31.85%,51.0,1.0,0.0,445000.0,2016-08-06,1.0,4235
0,iWeb Technology Solutions Pvt.Ltd.,,Private,2005-04-22,day,2022-03-17,0,4.0,"3,193","4,811.50",-35.46%,347,66.03%,3.97,-62.86%,9.71%,"3,262,181",155.53%,"534,883",19.61%,39.0,0.0,0.0,500000.0,2013-04-01,1.0,2901
1,NoBroker,Made Acquisitions,Private,2014-01-01,year,2023-03-01,76.0,3.0,"16,464,893","18,446,653",7.16%,706,-31.79%,1.73,-15.58%,73.38%,"6,940",3.82%,94,1.37%,7.0,9.0,47.0,500000.0,2013-01-01,1.0,-365
1,Chalo,Made Acquisitions,Private,2014-01-01,year,2023-05-22,36.0,5.0,"93,874","115,424.67",167.01%,"1,139",58.19%,1.57,-41.59%,84.83%,"428,049",94.25%,"-477,628",-52.74%,46.0,2.0,11.0,500000.0,2019-01-01,3.0,1826
1,Droom,Made Acquisitions,Private,2014-01-01,year,2021-07-28,47.0,1.0,"3,382,323","2,339,502.33",82.72%,560,-2.78%,1.78,-20.19%,71.30%,"27,439",37.75%,"-15,883",-36.66%,25.0,9.0,41.0,2000000.0,2014-06-20,1.0,170
0,Infurnia Technologies,,Private,2014-01-01,year,2023-10-31,5.0,3.0,"8,022","8,190.83",127.83%,89,74.51%,1.35,-6.97%,84.11%,"2,152,407",33.95%,"-1,017,579",-32.10%,16.0,0.0,20.0,160000.0,2016-01-06,1.0,735
0,ParallelDots,,Private,2014-01-01,month,2022-03-25,11.0,3.0,"13,167","25,680.67",-35.79%,70,125.81%,1.73,7.72%,29.96%,"1,637,097",-23.28%,"389,192",31.19%,45.0,4.0,52.0,2000000.0,2017-10-10,1.0,1378
1,ekincare,Made Acquisitions,Private,2014-01-01,year,2022-03-16,18.0,3.0,"10,097","39,229.83",-92.98%,123,-81.31%,1.6,55.86%,47.25%,"1,874,432",-52.21%,"1,568,916",513.53%,73.0,5.0,33.0,329000.0,2016-03-23,5.0,812
0,Playo,,Private,2014-01-01,year,2021-10-01,23.0,3.0,"734,539","639,220",59.47%,55,-74.77%,1.2,-14.57%,83.23%,"91,077",17.91%,"-35,995",-28.33%,54.0,4.0,42.0,700000.0,2017-12-31,1.0,1460
0,WedMeGood,,Private,2014-01-01,year,2019-04-03,1.0,2.0,"1,276,829","1,287,081.50",6.34%,598,0%,1.65,-21.24%,76.08%,"59,715",19.04%,"-1,457",-2.38%,42.0,5.0,33.0,407200.0,2015-09-16,3.0,623
1,Smartron,Made Acquisitions,Private,2014-01-01,year,2022-01-24,12.0,3.0,"1,092","1,523.50",875%,0,393.33%,1.0,0%,100%,"5,063,497",0%,"-3,164,096",-38.46%,36.0,16.0,21.0,1880000.0,2016-07-23,1.0,934
1,RailYatri,Made Acquisitions,Private,2014-01-01,year,2020-02-24,43.0,3.0,"12,030,528","13,199,234.17",1.94%,517,-16.07%,1.96,-3.69%,59.40%,"9,181",8.51%,485,5.58%,26.0,4.0,27.0,3000000.0,2016-10-19,4.0,1022
0,sRide,,Private,2014-01-01,year,2018-02-19,14.0,3.0,223,"2,195",-72.47%,0,-79.69%,1.0,-60.60%,100%,"7,621,994",333.09%,"2,131,698",38.83%,50.0,1.0,18.0,500000.0,2014-06-26,1.0,176
1,IntrCity,Made Acquisitions,Private,2014-01-01,year,2020-02-24,15.0,3.0,"244,703","468,247.17",-39.92%,143,-92.88%,1.58,-21.58%,74.57%,"207,759",15.29%,"68,517",49.21%,25.0,3.0,0.0,1200000.0,2015-06-30,4.0,545
0,SquadStack,,Private,2014-01-01,year,2022-07-20,19.0,4.0,"9,595","24,341.67",-17.67%,863,276.86%,1.63,-35.03%,65.39%,"1,929,114",31.78%,"185,690",10.65%,13.0,0.0,11.0,2100000.0,2017-04-12,9.0,1197
1,Confirmtkt,Was Acquired,Private,2014-01-01,year,2016-09-20,10.0,2.0,"8,244,493","8,629,590.17",38.46%,300,-29.74%,2.27,6.23%,52.63%,"12,812",-9.29%,"-3,391",-20.93%,51.0,1.0,21.0,147059.0,2016-09-20,1.0,993
1,Grab,Was Acquired,Private,2014-01-01,year,2018-02-22,354.0,3.0,"615,142","935,221.83",-23.21%,106,-94.42%,1.23,11.45%,77.08%,"104,160",-14.20%,"20,607",24.66%,43.0,0.0,15.0,1370000.0,2015-09-02,2.0,609
0,Actofit,,Private,2014-01-01,year,2023-07-04,1.0,3.0,"2,226","4,588",29.27%,755,798.81%,3.0,126.18%,0%,"3,742,447",140.16%,"-502,140",-11.83%,40.0,7.0,0.0,900000.0,2016-10-19,3.0,1022
0,Oakter,,Private,2014-01-01,year,2016-06-01,0,2.0,"3,360","15,382.83",23.99%,382,98.96%,1.2,-38.42%,82.08%,"3,206,425",17.07%,"-293,131",-8.38%,18.0,4.0,16.0,36840.0,2016-03-01,1.0,790
0,True Balance,,Private,2014-01-01,year,2023-08-09,30.0,3.0,"434,824","167,674.17",269.61%,"1,718",1618%,1.12,11.20%,91.17%,"135,129",-8.34%,"-218,628",-61.80%,40.0,1.0,15.0,500000.0,2015-10-01,1.0,638
0,FieldAssist,,Private,2014-01-01,day,2017-08-28,14.0,4.0,"3,578","4,872",-59.41%,129,-92.29%,2.41,-42.34%,66.91%,"3,127,861",5.09%,"1,112,775",55.22%,46.0,21.0,15.0,40000.0,2014-02-01,2.0,31
1,Holidify,Made Acquisitions,Private,2014-01-01,year,2015-10-17,8.0,2.0,"7,878,687","7,874,105.67",40.10%,584,-16.69%,1.44,-0.50%,76.22%,"13,326",2.82%,"-3,709",-21.77%,45.0,1.0,25.0,500000.0,2015-05-02,1.0,486
0,ricago,,Private,2014-01-01,month,2014-09-19,0,2.0,876,"1,413",-56.44%,0,70.59%,1.0,-36.42%,100%,"5,612,041",6.79%,"1,746,349",45.18%,41.0,0.0,20.0,246517.0,2014-09-19,2.0,261
0,Impact Guru,,Private,2014-01-01,year,2020-03-06,12.0,2.0,"2,061,009","1,776,173.17",3.65%,348,-63.17%,1.48,0.78%,73.08%,"41,000",-1.24%,180,0.44%,35.0,2.0,35.0,500000.0,2017-11-14,1.0,1413
0,TripBorn,,Private,2014-01-01,year,2017-01-11,0,2.0,"106,667","58,318.83",42.19%,"1,189",-17.72%,9.07,-17.34%,8.55%,"388,320",-22.41%,"-107,678",-21.71%,39.0,1.0,9.0,460000.0,2017-01-11,1.0,1106
1,Jubi,Was Acquired,Private,2014-01-01,year,2018-07-05,1.0,1.0,"13,612","30,247.50",-88.04%,17,8.16%,1.02,1.61%,98.39%,"1,604,713",-1.61%,"1,241,819",342.20%,40.0,0.0,4.0,500000.0,2018-07-05,1.0,1646
0,Venuelook,,Private,2014-01-01,year,2019-03-25,1.0,1.0,"197,333","297,725.67",-18.62%,366,-52.53%,1.3,-10.92%,92.25%,"245,150",18.92%,"39,494",19.20%,70.0,0.0,56.0,500000.0,2019-03-25,4.0,1909
0,LetsEndorse,,Private,2014-01-01,year,2017-03-02,1.0,2.0,"2,226","2,190.83",420.09%,40,-89.58%,1.33,-61.91%,66.67%,"3,743,185",-7.22%,"-3,160,820",-45.78%,45.0,4.0,23.0,500000.0,2017-03-02,1.0,1156
